id,label,type,canonical,count,first_seen,last_seen,properties
cap:工程基础能力,工程基础能力,capability,工程基础能力,52709,2024-08,2026-07,{}
cap:编程语言,编程语言,capability,编程语言,52667,2024-08,2026-07,{}
cap:业务能力,业务能力,capability,业务能力,6573,2024-08,2026-07,{}
cap:产品运营,产品运营,capability,产品运营,6573,2024-08,2026-07,{}
cap:体验能力,体验能力,capability,体验能力,4192,2024-08,2026-07,{}
cap:设计体验,设计体验,capability,设计体验,4192,2024-08,2026-07,{}
cap:其他能力,其他能力,capability,其他能力,1936,2024-08,2026-07,{}
cap:人工智能,人工智能,capability,人工智能,1843,2024-08,2026-07,{}
cap:智能技术能力,智能技术能力,capability,智能技术能力,1843,2024-08,2026-07,{}
cap:安全合规,安全合规,capability,安全合规,1254,2024-08,2026-07,{}
cap:安全能力,安全能力,capability,安全能力,1254,2024-08,2026-07,{}
cap:工程质量能力,工程质量能力,capability,工程质量能力,723,2025-03,2026-07,{}
cap:质量保障,质量保障,capability,质量保障,723,2025-03,2026-07,{}
cap:数据能力,数据能力,capability,数据能力,595,2024-09,2026-07,{}
cap:工程研发能力,工程研发能力,capability,工程研发能力,400,2025-09,2026-07,{}
cap:基础设施能力,基础设施能力,capability,基础设施能力,348,2025-03,2026-07,{}
cap:数据技术,数据技术,capability,数据技术,290,2024-12,2026-07,{}
cap:系统架构,系统架构,capability,系统架构,268,2025-09,2026-07,{}
cap:数据工程,数据工程,capability,数据工程,244,2024-09,2026-07,{}
cap:办公分析,办公分析,capability,办公分析,202,2024-08,2026-07,{}
cap:通用能力,通用能力,capability,通用能力,202,2024-08,2026-07,{}
cap:云原生,云原生,capability,云原生,187,2025-09,2026-07,{}
cap:基础设施,基础设施,capability,基础设施,161,2025-03,2026-07,{}
cap:工程效能,工程效能,capability,工程效能,70,2025-09,2026-07,{}
cap:前端开发,前端开发,capability,前端开发,62,2025-09,2026-07,{}
cap:数据存储,数据存储,capability,数据存储,61,2025-03,2026-07,{}
cap:中间件,中间件,capability,中间件,42,2025-09,2026-07,{}
role:backend-engineer,后端工程师,job,backend-engineer,44986,2025-02,2026-07,"{""category"": ""cloud_infra"", ""sample_title"": ""3A级开放世界-资深服务端开发""}"
role:operations-specialist,运营,job,operations-specialist,2263,2024-12,2026-07,"{""category"": ""data_engineering"", ""sample_title"": ""腾讯游戏-海外战略商务拓展经理-新星引力计划""}"
role:designer,设计师,job,designer,1481,2025-06,2026-07,"{""category"": ""design"", ""sample_title"": ""《怪物猎人：旅人》-资深动画师-局内动画""}"
role:product-manager,产品经理,job,product-manager,1110,2025-02,2026-07,"{""category"": ""data_engineering"", ""sample_title"": ""企业微信-产品经理-生态合作""}"
role:security-engineer,安全工程师,job,security-engineer,993,2024-08,2026-07,"{""category"": ""ai_algorithm"", ""sample_title"": ""Tencent Cloud - EdgeOne Product Solution Architecture Intern (Malaysia) 107745""}"
role:ai-algorithm-engineer,AI 算法工程师,job,ai-algorithm-engineer,937,2025-02,2026-07,"{""category"": ""ai_algorithm"", ""sample_title"": ""腾讯游戏-多模态世界模型算法研究专家-视频生成方向""}"
role:testing-engineer,测试工程师,job,testing-engineer,554,2026-01,2026-07,"{""category"": ""cloud_infra"", ""sample_title"": ""微信-质量管理工程师""}"
role:java-backend-engineer,Java 后端工程师,job,java-backend-engineer,406,2024-09,2026-07,"{""category"": ""ai_algorithm"", ""sample_title"": ""智能运维AI Agent平台-资深软件开发工程师""}"
role:frontend-engineer,前端工程师,job,frontend-engineer,327,2025-10,2026-07,"{""category"": ""frontend_client"", ""sample_title"": ""《三角洲行动》-客户端开发工程师-玩法""}"
role:cloud-sre-engineer,云原生 SRE 工程师,job,cloud-sre-engineer,325,2026-01,2026-07,"{""category"": ""cloud_infra"", ""sample_title"": ""腾讯云-南区云原生销售-广州/深圳""}"
role:mobile-engineer,移动端工程师,job,mobile-engineer,246,2025-09,2026-07,"{""category"": ""ai_algorithm"", ""sample_title"": ""高级游戏商业化策划""}"
role:role-项目经理,项目经理,job,role-项目经理,32,2026-07,2026-07,"{""category"": ""product_operation"", ""sample_title"": ""项目经理""}"
role:data-engineer,数据工程师,job,data-engineer,27,2025-10,2026-07,"{""category"": ""ai_algorithm"", ""sample_title"": ""魔方工作室-数据科学家-AI数据工程方向""}"
role:role-税务专员,税务专员,job,role-税务专员,13,2026-01,2026-06,"{""category"": ""design"", ""sample_title"": ""税务专员""}"
role:role-工程项目经理,工程项目经理,job,role-工程项目经理,12,2026-07,2026-07,"{""category"": ""product_operation"", ""sample_title"": ""工程项目经理""}"
role:role-物业项目经理,物业项目经理,job,role-物业项目经理,12,2026-07,2026-07,"{""category"": ""product_operation"", ""sample_title"": ""物业项目经理""}"
role:role-数据分析,数据分析,job,role-数据分析,10,2026-07,2026-07,"{""category"": ""data_engineering"", ""sample_title"": ""数据分析""}"
role:role-数据分析师,数据分析师,job,role-数据分析师,10,2026-07,2026-07,"{""category"": ""data_engineering"", ""sample_title"": ""高级数据分析师""}"
role:role-渠道销售专员,渠道销售专员,job,role-渠道销售专员,10,2026-05,2026-06,"{""category"": ""product_operation"", ""sample_title"": ""渠道销售专员""}"
role:role-数字能源解决方案销售代表,数字能源解决方案销售代表,job,role-数字能源解决方案销售代表,8,2026-05,2026-06,"{""category"": ""product_operation"", ""sample_title"": ""数字能源解决方案销售代表""}"
role:role-财经专员,财经专员,job,role-财经专员,8,2026-04,2026-05,"{""category"": ""ai_algorithm"", ""sample_title"": ""财经专员（ICT财经BP）""}"
role:role-项目经理-主管,项目经理/主管,job,role-项目经理-主管,8,2026-07,2026-07,"{""category"": ""product_operation"", ""sample_title"": ""(高薪20000元以上)项目经理/主管""}"
role:role-技术翻译,技术翻译,job,role-技术翻译,7,2026-07,2026-07,"{""category"": ""data_engineering"", ""sample_title"": ""高级技术翻译""}"
role:role-数据分析工程师,数据分析工程师,job,role-数据分析工程师,6,2026-07,2026-07,"{""category"": ""data_engineering"", ""sample_title"": ""数据分析工程师""}"
role:role-项目经理项目主管,项目经理项目主管,job,role-项目经理项目主管,6,2026-07,2026-07,"{""category"": ""product_operation"", ""sample_title"": ""项目经理项目主管""}"
role:role-单板硬件工程师,单板硬件工程师,job,role-单板硬件工程师,5,2026-05,2026-07,"{""category"": ""testing_quality"", ""sample_title"": ""单板硬件工程师""}"
role:role-弱电项目经理,弱电项目经理,job,role-弱电项目经理,5,2026-06,2026-07,"{""category"": ""ai_algorithm"", ""sample_title"": ""弱电项目经理""}"
role:role-数据分析专员,数据分析专员,job,role-数据分析专员,5,2026-07,2026-07,"{""category"": ""data_engineering"", ""sample_title"": ""数据分析专员""}"
role:role-keeta-finance-business-partner,Keeta Finance Business Partner,job,role-keeta-finance-business-partner,4,2026-05,2026-07,"{""category"": ""data_engineering"", ""sample_title"": ""Keeta Finance Business Partner (Saudi Arabia)""}"
role:role-bim工程师,bim工程师,job,role-bim工程师,4,2026-07,2026-07,"{""category"": ""data_engineering"", ""sample_title"": ""bim工程师""}"
role:role-医疗项目经理,医疗项目经理,job,role-医疗项目经理,4,2026-07,2026-07,"{""category"": ""product_operation"", ""sample_title"": ""医疗项目经理""}"
role:role-技术项目经理,技术项目经理,job,role-技术项目经理,4,2026-07,2026-07,"{""category"": ""product_operation"", ""sample_title"": ""技术项目经理""}"
role:role-系统集成项目经理,系统集成项目经理,job,role-系统集成项目经理,4,2026-07,2026-07,"{""category"": ""product_operation"", ""sample_title"": ""系统集成项目经理""}"
role:role-线网络工程师,线网络工程师,job,role-线网络工程师,4,2026-07,2026-07,"{""category"": ""design"", ""sample_title"": ""线网络工程师""}"
role:role-strategic-investment-manager,Strategic Investment Manager,job,role-strategic-investment-manager,3,2026-02,2026-07,"{""category"": ""data_engineering"", ""sample_title"": ""Strategic Investment Manager""}"
role:role-临床项目经理,临床项目经理,job,role-临床项目经理,3,2026-07,2026-07,"{""category"": ""product_operation"", ""sample_title"": ""(15000元以上高薪)临床项目经理（PM）""}"
role:role-云计算工程师,云计算工程师,job,role-云计算工程师,3,2026-07,2026-07,"{""category"": ""cloud_infra"", ""sample_title"": ""云计算工程师""}"
role:role-住宅物业项目经理,住宅物业项目经理,job,role-住宅物业项目经理,3,2026-06,2026-07,"{""category"": ""product_operation"", ""sample_title"": ""住宅物业项目经理""}"
role:role-园林项目经理,园林项目经理,job,role-园林项目经理,3,2026-07,2026-07,"{""category"": ""product_operation"", ""sample_title"": ""园林项目经理""}"
role:role-工程部项目经理,工程部项目经理,job,role-工程部项目经理,3,2026-07,2026-07,"{""category"": ""product_operation"", ""sample_title"": ""工程部项目经理""}"
role:role-工装项目经理,工装项目经理,job,role-工装项目经理,3,2026-07,2026-07,"{""category"": ""product_operation"", ""sample_title"": ""工装项目经理""}"
role:role-建筑师,建筑师,job,role-建筑师,3,2026-07,2026-07,"{""category"": ""design"", ""sample_title"": ""建筑师""}"
role:role-弱电工程项目经理,弱电工程项目经理,job,role-弱电工程项目经理,3,2026-07,2026-07,"{""category"": ""product_operation"", ""sample_title"": ""弱电工程项目经理""}"
role:role-智能化项目经理,智能化项目经理,job,role-智能化项目经理,3,2026-07,2026-07,"{""category"": ""product_operation"", ""sample_title"": ""智能化项目经理""}"
role:role-暖通工程师02-北京,暖通工程师02-北京,job,role-暖通工程师02-北京,3,2026-07,2026-07,"{""category"": ""design"", ""sample_title"": ""暖通工程师02-北京""}"
role:role-机电项目经理,机电项目经理,job,role-机电项目经理,3,2026-07,2026-07,"{""category"": ""product_operation"", ""sample_title"": ""机电项目经理""}"
role:role-美团酒店saas销售,美团酒店SaaS销售,job,role-美团酒店saas销售,3,2026-02,2026-02,"{""category"": ""product_operation"", ""sample_title"": ""美团酒店SaaS销售（广州优先）""}"
role:role-行业代表助理,行业代表助理,job,role-行业代表助理,3,2026-05,2026-06,"{""category"": ""design"", ""sample_title"": ""行业代表助理""}"
role:role-装饰项目经理,装饰项目经理,job,role-装饰项目经理,3,2026-07,2026-07,"{""category"": ""product_operation"", ""sample_title"": ""装饰项目经理""}"
role:role-资金专员,资金专员,job,role-资金专员,3,2026-03,2026-07,"{""category"": ""product_operation"", ""sample_title"": ""资金专员（公司融资）""}"
role:role-软件开发项目经理,软件开发项目经理,job,role-软件开发项目经理,3,2026-07,2026-07,"{""category"": ""product_operation"", ""sample_title"": ""软件开发项目经理""}"
role:role-项目经理-北京,项目经理-北京,job,role-项目经理-北京,3,2026-07,2026-07,"{""category"": ""product_operation"", ""sample_title"": ""项目经理（洁净工程）-北京""}"
role:role-食品工程工程师,食品工程工程师,job,role-食品工程工程师,3,2026-07,2026-07,"{""category"": ""design"", ""sample_title"": ""食品工程工程师""}"
role:role-魔方技术中心-游戏引擎开发工程师,魔方技术中心-游戏引擎开发工程师,job,role-魔方技术中心-游戏引擎开发工程师,3,2026-04,2026-07,"{""category"": ""ai_algorithm"", ""sample_title"": ""魔方技术中心-高级游戏引擎开发工程师""}"
role:role-ai项目经理,AI项目经理,job,role-ai项目经理,2,2026-07,2026-07,"{""category"": ""product_operation"", ""sample_title"": ""AI项目经理""}"
role:role-bi-生态渠道总监,BI 生态渠道总监,job,role-bi-生态渠道总监,2,2026-07,2026-07,"{""category"": ""data_engineering"", ""sample_title"": ""BI 生态渠道总监""}"
role:role-bi-生态渠道经理,BI 生态渠道经理,job,role-bi-生态渠道经理,2,2026-07,2026-07,"{""category"": ""data_engineering"", ""sample_title"": ""BI 生态渠道经理 (MJ000550)""}"
role:role-business-development-manager,Business Development Manager,job,role-business-development-manager,2,2025-09,2026-07,"{""category"": ""ai_algorithm"", ""sample_title"": ""Business Development Manager""}"
role:role-business-system-analyst,Business System Analyst,job,role-business-system-analyst,2,2026-02,2026-06,"{""category"": ""data_engineering"", ""sample_title"": ""Senior Business System Analyst (Workday Financials)""}"
role:role-erp项目经理,ERP项目经理,job,role-erp项目经理,2,2026-07,2026-07,"{""category"": ""product_operation"", ""sample_title"": ""ERP项目经理""}"
role:role-keeta-招聘,Keeta 招聘,job,role-keeta-招聘,2,2026-04,2026-06,"{""category"": ""data_engineering"", ""sample_title"": ""Keeta 资深招聘专家（AI驱动）""}"
role:role-mechanical-design-engineer,Mechanical Design Engineer,job,role-mechanical-design-engineer,2,2026-07,2026-07,"{""category"": ""design"", ""sample_title"": ""Mechanical Design Engineer""}"
role:role-pubgm电竞赛事经理,PUBGM电竞赛事经理,job,role-pubgm电竞赛事经理,2,2026-06,2026-06,"{""category"": ""data_engineering"", ""sample_title"": ""PUBGM资深电竞赛事经理""}"
role:role-procurement-manager,Procurement Manager,job,role-procurement-manager,2,2026-04,2026-06,"{""category"": ""data_engineering"", ""sample_title"": ""Senior Procurement Manager""}"
role:role-project-t-ue5-引擎开发,Project T UE5 引擎开发,job,role-project-t-ue5-引擎开发,2,2026-06,2026-06,"{""category"": ""ai_algorithm"", ""sample_title"": ""Project T UE5 高级引擎开发""}"
role:role-sales-manager,Sales Manager,job,role-sales-manager,2,2026-07,2026-07,"{""category"": ""product_operation"", ""sample_title"": ""Sales Manager""}"
role:role-vd仿真工程师,VD仿真工程师,job,role-vd仿真工程师,2,2026-07,2026-07,"{""category"": ""design"", ""sample_title"": ""VD仿真工程师""}"
role:role-三角洲行动-ue手游引擎开发工程师,《三角洲行动》-UE手游引擎开发工程师,job,role-三角洲行动-ue手游引擎开发工程师,2,2026-06,2026-06,"{""category"": ""ai_algorithm"", ""sample_title"": ""《三角洲行动》-高级UE手游引擎开发工程师""}"
role:role-三角洲行动-ue端游引擎开发工程师,《三角洲行动》-UE端游引擎开发工程师,job,role-三角洲行动-ue端游引擎开发工程师,2,2026-06,2026-06,"{""category"": ""ai_algorithm"", ""sample_title"": ""《三角洲行动》-高级UE端游引擎开发工程师""}"
role:role-王者荣耀世界-ue引擎开发,《王者荣耀世界》UE引擎开发,job,role-王者荣耀世界-ue引擎开发,2,2026-06,2026-07,"{""category"": ""ai_algorithm"", ""sample_title"": ""《王者荣耀世界》资深UE引擎开发""}"
role:role-储备项目经理,储备项目经理,job,role-储备项目经理,2,2026-06,2026-07,"{""category"": ""product_operation"", ""sample_title"": ""储备项目经理""}"
role:role-兼职项目经理,兼职项目经理,job,role-兼职项目经理,2,2026-07,2026-07,"{""category"": ""product_operation"", ""sample_title"": ""兼职项目经理""}"
role:role-分项目经理,分项目经理,job,role-分项目经理,2,2026-07,2026-07,"{""category"": ""product_operation"", ""sample_title"": ""分项目经理""}"
role:role-制造计调助理,制造计调助理,job,role-制造计调助理,2,2026-05,2026-06,"{""category"": ""data_engineering"", ""sample_title"": ""制造计调助理""}"
role:role-前期报建员,前期报建员,job,role-前期报建员,2,2026-07,2026-07,"{""category"": ""data_engineering"", ""sample_title"": ""前期报建员""}"
role:role-区域项目经理,区域项目经理,job,role-区域项目经理,2,2026-07,2026-07,"{""category"": ""product_operation"", ""sample_title"": ""区域项目经理""}"
role:role-华南鲜肉自营采购-鲜禽,华南鲜肉自营采购 - 鲜禽,job,role-华南鲜肉自营采购-鲜禽,2,2026-06,2026-06,"{""category"": ""product_operation"", ""sample_title"": ""华南鲜肉自营采购 - 鲜禽""}"
role:role-国际项目经理,国际项目经理,job,role-国际项目经理,2,2026-07,2026-07,"{""category"": ""product_operation"", ""sample_title"": ""国际项目经理""}"
role:role-土建工程项目经理,土建工程项目经理,job,role-土建工程项目经理,2,2026-07,2026-07,"{""category"": ""product_operation"", ""sample_title"": ""土建工程项目经理""}"
role:role-土建项目经理,土建项目经理,job,role-土建项目经理,2,2026-07,2026-07,"{""category"": ""product_operation"", ""sample_title"": ""土建项目经理""}"
role:role-地市级项目经理,地市级项目经理,job,role-地市级项目经理,2,2026-07,2026-07,"{""category"": ""product_operation"", ""sample_title"": ""地市级项目经理""}"
role:role-多媒体实验室-多媒体标准,多媒体实验室-多媒体标准,job,role-多媒体实验室-多媒体标准,2,2026-06,2026-06,"{""category"": ""ai_algorithm"", ""sample_title"": ""多媒体实验室-多媒体标准专家""}"
role:role-好超值理货员-15块-小时-工作轻松,好超值理货员+15块/小时+工作轻松,job,role-好超值理货员-15块-小时-工作轻松,2,2026-07,2026-07,"{""category"": ""data_engineering"", ""sample_title"": ""好超值理货员+15块/小时+工作轻松""}"
role:role-子公司财经专员,子公司财经专员,job,role-子公司财经专员,2,2026-06,2026-06,"{""category"": ""testing_quality"", ""sample_title"": ""子公司财经专员""}"
role:role-实施项目经理-ka-j14833,实施项目经理-KA-J14833,job,role-实施项目经理-ka-j14833,2,2026-07,2026-07,"{""category"": ""product_operation"", ""sample_title"": ""实施项目经理-KA-J14833""}"
role:role-审计项目经理,审计项目经理,job,role-审计项目经理,2,2026-07,2026-07,"{""category"": ""product_operation"", ""sample_title"": ""审计项目经理""}"
role:role-市场营销,市场营销,job,role-市场营销,2,2026-07,2026-07,"{""category"": ""design"", ""sample_title"": ""市场营销""}"
role:role-幕墙项目经理,幕墙项目经理,job,role-幕墙项目经理,2,2026-07,2026-07,"{""category"": ""product_operation"", ""sample_title"": ""幕墙项目经理""}"
role:role-建筑工程师,建筑工程师,job,role-建筑工程师,2,2026-07,2026-07,"{""category"": ""design"", ""sample_title"": ""建筑工程师""}"
role:role-异构加速框架工程师,异构加速框架工程师,job,role-异构加速框架工程师,2,2026-06,2026-07,"{""category"": ""ai_algorithm"", ""sample_title"": ""异构加速框架工程师（深圳/北京/上海）""}"
role:role-战略投资经理,战略投资经理,job,role-战略投资经理,2,2025-10,2026-05,"{""category"": ""ai_algorithm"", ""sample_title"": ""战略投资经理（BD Coverage 方向）""}"
role:role-技术,技术,job,role-技术,2,2026-04,2026-04,"{""category"": ""product_operation"", ""sample_title"": ""高级技术专家""}"
role:role-技术型项目经理,技术型项目经理,job,role-技术型项目经理,2,2026-07,2026-07,"{""category"": ""product_operation"", ""sample_title"": ""技术型项目经理""}"
role:role-技术项目经理-机器人,技术项目经理-机器人,job,role-技术项目经理-机器人,2,2026-07,2026-07,"{""category"": ""product_operation"", ""sample_title"": ""技术项目经理-机器人""}"
role:role-摄像头工艺工程师,摄像头工艺工程师,job,role-摄像头工艺工程师,2,2026-06,2026-06,"{""category"": ""testing_quality"", ""sample_title"": ""摄像头工艺工程师""}"
role:role-数据分析师-电商,数据分析师-【电商】,job,role-数据分析师-电商,2,2026-07,2026-07,"{""category"": ""data_engineering"", ""sample_title"": ""数据分析师（商城供给方向）-【电商】（北京）""}"
role:role-施工项目经理,施工项目经理,job,role-施工项目经理,2,2026-07,2026-07,"{""category"": ""product_operation"", ""sample_title"": ""施工项目经理""}"
role:role-智慧零售-大客户销售经理-公有云销售,智慧零售-大客户销售经理/公有云销售,job,role-智慧零售-大客户销售经理-公有云销售,2,2026-06,2026-06,"{""category"": ""data_engineering"", ""sample_title"": ""智慧零售-大客户销售经理/公有云销售（潮玩服饰美妆奢品珠宝等方向）""}"
role:role-机电安装工程项目经理,机电安装工程项目经理,job,role-机电安装工程项目经理,2,2026-07,2026-07,"{""category"": ""product_operation"", ""sample_title"": ""机电安装工程项目经理""}"
role:role-标项目经理,标项目经理,job,role-标项目经理,2,2026-07,2026-07,"{""category"": ""product_operation"", ""sample_title"": ""标项目经理""}"
role:role-测绘项目经理,测绘项目经理,job,role-测绘项目经理,2,2026-07,2026-07,"{""category"": ""product_operation"", ""sample_title"": ""测绘项目经理""}"
role:role-消防工程项目经理,消防工程项目经理,job,role-消防工程项目经理,2,2026-07,2026-07,"{""category"": ""product_operation"", ""sample_title"": ""消防工程项目经理""}"
role:role-电气工程师02-北京,电气工程师02-北京,job,role-电气工程师02-北京,2,2026-07,2026-07,"{""category"": ""design"", ""sample_title"": ""电气工程师02-北京""}"
role:role-电话销售专员,电话销售专员,job,role-电话销售专员,2,2026-07,2026-07,"{""category"": ""design"", ""sample_title"": ""电话销售专员""}"
role:role-硬件项目经理,硬件项目经理,job,role-硬件项目经理,2,2026-07,2026-07,"{""category"": ""product_operation"", ""sample_title"": ""(20000元以上高薪)硬件项目经理""}"
role:role-网络工程师,网络工程师,job,role-网络工程师,2,2026-07,2026-07,"{""category"": ""data_engineering"", ""sample_title"": ""网络工程师""}"
role:role-腾讯云汽车行业大客户销售经理,腾讯云汽车行业大客户销售经理,job,role-腾讯云汽车行业大客户销售经理,2,2026-06,2026-06,"{""category"": ""cloud_infra"", ""sample_title"": ""腾讯云汽车行业高级大客户销售经理""}"
role:role-芯片验证工程师,芯片验证工程师,job,role-芯片验证工程师,2,2026-06,2026-06,"{""category"": ""testing_quality"", ""sample_title"": ""芯片验证工程师""}"
role:role-行业解决方案销售,行业解决方案销售,job,role-行业解决方案销售,2,2025-04,2025-05,"{""category"": ""product_operation"", ""sample_title"": ""行业解决方案销售（VSE）""}"
role:role-装修施工员,装修施工员,job,role-装修施工员,2,2026-07,2026-07,"{""category"": ""design"", ""sample_title"": ""装修施工员""}"
role:role-装修项目主管,装修项目主管,job,role-装修项目主管,2,2026-07,2026-07,"{""category"": ""design"", ""sample_title"": ""装修项目主管""}"
role:role-装饰装修项目经理,装饰装修项目经理,job,role-装饰装修项目经理,2,2026-07,2026-07,"{""category"": ""product_operation"", ""sample_title"": ""装饰装修项目经理""}"
role:role-试制验证工程师,试制验证工程师,job,role-试制验证工程师,2,2026-05,2026-06,"{""category"": ""testing_quality"", ""sample_title"": ""试制验证工程师""}"
role:role-销售项目经理,销售项目经理,job,role-销售项目经理,2,2026-07,2026-07,"{""category"": ""product_operation"", ""sample_title"": ""销售项目经理""}"
role:role-门窗幕墙项目经理,门窗幕墙项目经理,job,role-门窗幕墙项目经理,2,2026-07,2026-07,"{""category"": ""product_operation"", ""sample_title"": ""门窗幕墙项目经理""}"
role:role-闪购-食品采销,闪购-食品采销,job,role-闪购-食品采销,2,2026-07,2026-07,"{""category"": ""product_operation"", ""sample_title"": ""闪购-食品采销（休食、粮油、速食、酒饮、乳品冰品）""}"
role:role-项目经理主管,项目经理主管,job,role-项目经理主管,2,2026-07,2026-07,"{""category"": ""product_operation"", ""sample_title"": ""项目经理主管""}"
role:role-项目经理室内精装,项目经理室内精装,job,role-项目经理室内精装,2,2026-07,2026-07,"{""category"": ""product_operation"", ""sample_title"": ""项目经理室内精装""}"
role:role-驻外项目经理,驻外项目经理,job,role-驻外项目经理,2,2026-07,2026-07,"{""category"": ""product_operation"", ""sample_title"": ""驻外项目经理""}"
role:role-创意导演-ai视频方向,-创意导演-AI视频方向,job,role-创意导演-ai视频方向,1,2026-06,2026-06,"{""category"": ""testing_quality"", ""sample_title"": ""高级-创意导演-AI视频方向""}"
role:role-211777-inside-sales-内部销售-id212352,211777 Inside Sales 内部销售 ID212352,job,role-211777-inside-sales-内部销售-id212352,1,2026-07,2026-07,"{""category"": ""product_operation"", ""sample_title"": ""211777 Inside Sales 内部销售 ID212352""}"
role:role-3d动作策略游戏-虚环-引擎开发工程师-unity-性能优化方向,3D动作策略游戏《虚环》-引擎开发工程师- -Unity 性能优化方向,job,role-3d动作策略游戏-虚环-引擎开发工程师-unity-性能优化方向,1,2026-06,2026-06,"{""category"": ""ai_algorithm"", ""sample_title"": ""3D动作策略游戏《虚环》-引擎开发工程师- -Unity 性能优化方向""}"
role:role-adas模型开发与验证工程师,ADAS模型开发与验证工程师,job,role-adas模型开发与验证工程师,1,2026-07,2026-07,"{""category"": ""ai_algorithm"", ""sample_title"": ""ADAS模型开发与验证工程师""}"
role:role-ae客户主任,AE客户主任,job,role-ae客户主任,1,2026-07,2026-07,"{""category"": ""ai_algorithm"", ""sample_title"": ""AE客户主任（人工智能）""}"
role:role-ai-agent-研发工程师,AI Agent 研发工程师,job,role-ai-agent-研发工程师,1,2026-07,2026-07,"{""category"": ""ai_algorithm"", ""sample_title"": ""AI Agent 研发工程师""}"
role:role-ai-agent研发工程师,AI Agent研发工程师,job,role-ai-agent研发工程师,1,2026-06,2026-06,"{""category"": ""product_operation"", ""sample_title"": ""AI Agent研发工程师""}"
role:role-ai-充电宝项目顾问,AI 充电宝项目顾问,job,role-ai-充电宝项目顾问,1,2026-04,2026-04,"{""category"": ""product_operation"", ""sample_title"": ""AI 充电宝项目顾问""}"
role:role-aidd-模型开发,AIDD-模型开发,job,role-aidd-模型开发,1,2026-07,2026-07,"{""category"": ""ai_algorithm"", ""sample_title"": ""AIDD-模型开发""}"
role:role-ai全栈工程师,AI全栈工程师,job,role-ai全栈工程师,1,2026-06,2026-06,"{""category"": ""ai_algorithm"", ""sample_title"": ""AI全栈工程师""}"
role:role-ai制药-董事会办公室经理,AI制药—董事会办公室经理,job,role-ai制药-董事会办公室经理,1,2026-07,2026-07,"{""category"": ""ai_algorithm"", ""sample_title"": ""AI制药—董事会办公室高级经理（AI人工智能企业，已D轮）""}"
role:role-ai基础架构开发工程师,AI基础架构开发工程师,job,role-ai基础架构开发工程师,1,2026-07,2026-07,"{""category"": ""cloud_infra"", ""sample_title"": ""AI基础架构开发工程师""}"
role:role-ai工程高阶岗位,AI工程高阶岗位,job,role-ai工程高阶岗位,1,2025-10,2025-10,"{""category"": ""ai_algorithm"", ""sample_title"": ""AI工程高阶岗位""}"
role:role-ai应用全栈开发工程师,AI应用全栈开发工程师,job,role-ai应用全栈开发工程师,1,2026-05,2026-05,"{""category"": ""ai_algorithm"", ""sample_title"": ""AI应用全栈开发工程师""}"
role:role-ai战略研究员,AI战略研究员,job,role-ai战略研究员,1,2026-05,2026-05,"{""category"": ""product_operation"", ""sample_title"": ""AI战略研究员""}"
role:role-ai模型部署与性能优化工程师,AI模型部署与性能优化工程师,job,role-ai模型部署与性能优化工程师,1,2026-07,2026-07,"{""category"": ""ai_algorithm"", ""sample_title"": ""AI模型部署与性能优化工程师""}"
role:role-ai病理项目经理,AI病理项目经理,job,role-ai病理项目经理,1,2026-07,2026-07,"{""category"": ""product_operation"", ""sample_title"": ""AI病理项目经理""}"
role:role-ai组织发展,AI组织发展,job,role-ai组织发展,1,2026-06,2026-06,"{""category"": ""design"", ""sample_title"": ""AI组织发展专家""}"
role:role-ai组织转型,AI组织转型,job,role-ai组织转型,1,2026-07,2026-07,"{""category"": ""data_engineering"", ""sample_title"": ""AI组织转型专家""}"
role:role-ai财务应用研发总监,AI财务应用研发总监,job,role-ai财务应用研发总监,1,2026-07,2026-07,"{""category"": ""design"", ""sample_title"": ""AI财务应用研发总监 (MJ003818)""}"
role:role-ai量化投研工程师-agent方向,AI量化投研工程师-Agent方向,job,role-ai量化投研工程师-agent方向,1,2026-06,2026-06,"{""category"": ""product_operation"", ""sample_title"": ""AI量化投研工程师-Agent方向""}"
role:role-apac-privacy-program-manager亚太区隐私项目经理,APAC Privacy Program Manager亚太区隐私项目经理,job,role-apac-privacy-program-manager亚太区隐私项目经理,1,2026-07,2026-07,"{""category"": ""product_operation"", ""sample_title"": ""APAC Privacy Program Manager亚太区隐私项目经理""}"
role:role-agent-harness产研负责人,Agent harness产研负责人,job,role-agent-harness产研负责人,1,2026-05,2026-05,"{""category"": ""ai_algorithm"", ""sample_title"": ""Agent harness产研负责人""}"
role:role-agent平台部-售前解决方案岗,Agent平台部-售前解决方案岗,job,role-agent平台部-售前解决方案岗,1,2026-07,2026-07,"{""category"": ""product_operation"", ""sample_title"": ""Agent平台部-售前解决方案岗""}"
role:role-architect,Architect,job,role-architect,1,2026-04,2026-04,"{""category"": ""product_operation"", ""sample_title"": ""Architect""}"
role:role-bc类超市销售代表,BC类超市销售代表,job,role-bc类超市销售代表,1,2026-07,2026-07,"{""category"": ""product_operation"", ""sample_title"": ""BC类超市销售代表""}"
role:role-bd,BD,job,role-bd,1,2026-05,2026-05,"{""category"": ""design"", ""sample_title"": ""BD""}"
role:role-bim建模工程师,BIM建模工程师,job,role-bim建模工程师,1,2026-07,2026-07,"{""category"": ""data_engineering"", ""sample_title"": ""BIM建模工程师""}"
role:role-bim软件客服工程师,BIM软件客服工程师,job,role-bim软件客服工程师,1,2026-07,2026-07,"{""category"": ""data_engineering"", ""sample_title"": ""BIM软件客服工程师""}"
role:role-bim项目管理工程师,BIM项目管理工程师,job,role-bim项目管理工程师,1,2026-07,2026-07,"{""category"": ""data_engineering"", ""sample_title"": ""BIM项目管理工程师""}"
role:role-bi数据分析生,BI数据分析生,job,role-bi数据分析生,1,2026-07,2026-07,"{""category"": ""data_engineering"", ""sample_title"": ""BI数据分析实习生""}"
role:role-beauty-category-manager,Beauty Category Manager,job,role-beauty-category-manager,1,2026-06,2026-06,"{""category"": ""data_engineering"", ""sample_title"": ""Beauty Category Manager""}"
role:role-bioassay-scientist-上海奉贤,Bioassay scientist-上海奉贤,job,role-bioassay-scientist-上海奉贤,1,2026-07,2026-07,"{""category"": ""data_engineering"", ""sample_title"": ""Bioassay senior scientist-上海奉贤 (MJ010269)""}"
role:role-brazil-business-analyst-operation-analysis,Brazil - Business Analyst - Operation Analysis,job,role-brazil-business-analyst-operation-analysis,1,2025-12,2025-12,"{""category"": ""design"", ""sample_title"": ""Brazil - Senior Business Analyst - Operation Analysis""}"
role:role-business-development-manager-corporate-government-partnerships,Business Development Manager – Corporate & Government Partnerships,job,role-business-development-manager-corporate-government-partnerships,1,2026-05,2026-05,"{""category"": ""data_engineering"", ""sample_title"": ""Senior Business Development Manager – Corporate & Government Partnerships (KSA)""}"
role:role-business-development-manager-director,Business Development Manager/Director,job,role-business-development-manager-director,1,2025-11,2025-11,"{""category"": ""data_engineering"", ""sample_title"": ""Senior Business Development Manager/Director""}"
role:role-chief-cloud-solution-architect,Chief Cloud Solution Architect,job,role-chief-cloud-solution-architect,1,2026-06,2026-06,"{""category"": ""data_engineering"", ""sample_title"": ""Chief Cloud Solution Architect""}"
role:role-commercial-bid-manager-商务投标经理,Commercial & Bid Manager 商务投标经理,job,role-commercial-bid-manager-商务投标经理,1,2026-07,2026-07,"{""category"": ""data_engineering"", ""sample_title"": ""Commercial & Bid Manager 商务投标经理""}"
role:role-content-strategist-producer,Content Strategist & Producer,job,role-content-strategist-producer,1,2026-07,2026-07,"{""category"": ""ai_algorithm"", ""sample_title"": ""Content Strategist & Producer""}"
role:role-country-hr-manager,Country HR Manager,job,role-country-hr-manager,1,2026-07,2026-07,"{""category"": ""data_engineering"", ""sample_title"": ""Country HR Manager""}"
role:role-customer-experience-business-analyst,Customer Experience Business Analyst,job,role-customer-experience-business-analyst,1,2026-06,2026-06,"{""category"": ""ai_algorithm"", ""sample_title"": ""Customer Experience Business Analyst (AI-Driven)""}"
role:role-dcdc-pdu嵌入式开发,DCDC/PDU嵌入式开发,job,role-dcdc-pdu嵌入式开发,1,2026-07,2026-07,"{""category"": ""design"", ""sample_title"": ""DCDC/PDU嵌入式开发""}"
role:role-data-center-facility-solution-architect,Data Center Facility Solution Architect,job,role-data-center-facility-solution-architect,1,2026-06,2026-06,"{""category"": ""data_engineering"", ""sample_title"": ""Data Center Facility Solution Architect""}"
role:role-delivery-engineer,Delivery Engineer,job,role-delivery-engineer,1,2026-06,2026-06,"{""category"": ""ai_algorithm"", ""sample_title"": ""Senior Delivery Engineer""}"
role:role-demand-planning,Demand Planning,job,role-demand-planning,1,2026-07,2026-07,"{""category"": ""testing_quality"", ""sample_title"": ""Demand Planning""}"
role:role-electrical-engineer,Electrical Engineer,job,role-electrical-engineer,1,2026-07,2026-07,"{""category"": ""design"", ""sample_title"": ""Senior Electrical Engineer (Detailed Design)""}"
role:role-fpga开发工程师,FPGA开发工程师,job,role-fpga开发工程师,1,2026-07,2026-07,"{""category"": ""ai_algorithm"", ""sample_title"": ""FPGA开发工程师""}"
role:role-finance,Finance,job,role-finance,1,2026-07,2026-07,"{""category"": ""design"", ""sample_title"": ""Finance""}"
role:role-finance-business-partner-kuwait,Finance Business Partner-kuwait,job,role-finance-business-partner-kuwait,1,2026-06,2026-06,"{""category"": ""data_engineering"", ""sample_title"": ""Finance Business Partner-kuwait""}"
role:role-financial-management-and-analysis,Financial Management and Analysis,job,role-financial-management-and-analysis,1,2026-07,2026-07,"{""category"": ""ai_algorithm"", ""sample_title"": ""Financial Management and Analysis""}"
role:role-financial-management-and-analysis-107692,Financial Management and Analysis 107692,job,role-financial-management-and-analysis-107692,1,2026-07,2026-07,"{""category"": ""ai_algorithm"", ""sample_title"": ""Financial Management and Analysis 107692""}"
role:role-food-category-manager,Food Category Manager,job,role-food-category-manager,1,2026-06,2026-06,"{""category"": ""ai_algorithm"", ""sample_title"": ""Food Category Manager""}"
role:role-foreign-sales,Foreign Sales,job,role-foreign-sales,1,2026-07,2026-07,"{""category"": ""product_operation"", ""sample_title"": ""Foreign Sales""}"
role:role-gpu训练工程师,GPU训练工程师,job,role-gpu训练工程师,1,2026-05,2026-05,"{""category"": ""ai_algorithm"", ""sample_title"": ""GPU训练工程师""}"
role:role-gameplay-engineer,Gameplay Engineer,job,role-gameplay-engineer,1,2026-07,2026-07,"{""category"": ""data_engineering"", ""sample_title"": ""Senior Gameplay Engineer""}"
role:role-graphics-engineer,Graphics Engineer,job,role-graphics-engineer,1,2026-07,2026-07,"{""category"": ""ai_algorithm"", ""sample_title"": ""Senior Graphics Engineer""}"
role:role-hr-business-partner,HR Business Partner,job,role-hr-business-partner,1,2026-01,2026-01,"{""category"": ""data_engineering"", ""sample_title"": ""HR Business Partner""}"
role:role-hr-intern-105155,HR Intern 105155,job,role-hr-intern-105155,1,2025-09,2025-09,"{""category"": ""data_engineering"", ""sample_title"": ""HR Intern (International Students) 105155""}"
role:role-hrbp,HRBP,job,role-hrbp,1,2026-07,2026-07,"{""category"": ""ai_algorithm"", ""sample_title"": ""HRBP （外派中东）""}"
role:role-hrbp-keeta-china-region,HRBP - Keeta China Region,job,role-hrbp-keeta-china-region,1,2026-06,2026-06,"{""category"": ""ai_algorithm"", ""sample_title"": ""HRBP - Keeta China Region""}"
role:role-hrbp-tiktok-product-design-san-jose,HRBP-TikTok Product & Design - San Jose,job,role-hrbp-tiktok-product-design-san-jose,1,2026-07,2026-07,"{""category"": ""design"", ""sample_title"": ""HRBP-TikTok Product & Design - San Jose""}"
role:role-hr综合专员,HR综合专员,job,role-hr综合专员,1,2026-07,2026-07,"{""category"": ""data_engineering"", ""sample_title"": ""HR综合专员""}"
role:role-human-resources-business-partner,Human Resources Business Partner,job,role-human-resources-business-partner,1,2026-07,2026-07,"{""category"": ""data_engineering"", ""sample_title"": ""Human Resources Business Partner""}"
role:role-hunyuan-multimodal-reinforcement-learning-research-intern-107084,Hunyuan Multimodal Reinforcement Learning Research Intern 107084,job,role-hunyuan-multimodal-reinforcement-learning-research-intern-107084,1,2026-07,2026-07,"{""category"": ""data_engineering"", ""sample_title"": ""Hunyuan Multimodal Reinforcement Learning Research Intern 107084""}"
role:role-hunyuan-multimodal-reinforcement-learning-research-intern-107383,Hunyuan Multimodal Reinforcement Learning Research Intern 107383,job,role-hunyuan-multimodal-reinforcement-learning-research-intern-107383,1,2026-04,2026-04,"{""category"": ""data_engineering"", ""sample_title"": ""Hunyuan Multimodal Reinforcement Learning (RL) Research Intern 107383""}"
role:role-ic-package-engineer,IC package engineer,job,role-ic-package-engineer,1,2026-06,2026-06,"{""category"": ""data_engineering"", ""sample_title"": ""IC package engineer""}"
role:role-ict售前项目经理,ICT售前项目经理,job,role-ict售前项目经理,1,2026-07,2026-07,"{""category"": ""product_operation"", ""sample_title"": ""ICT售前项目经理""}"
role:role-ict项目经理,ICT项目经理,job,role-ict项目经理,1,2026-07,2026-07,"{""category"": ""product_operation"", ""sample_title"": ""ICT项目经理""}"
role:role-it-network-engineer,IT Network Engineer,job,role-it-network-engineer,1,2026-05,2026-05,"{""category"": ""design"", ""sample_title"": ""IT Network Engineer""}"
role:role-it项目经理,IT项目经理,job,role-it项目经理,1,2026-07,2026-07,"{""category"": ""product_operation"", ""sample_title"": ""IT项目经理""}"
role:role-industrial-product-designer,Industrial Product Designer,job,role-industrial-product-designer,1,2026-06,2026-06,"{""category"": ""product_operation"", ""sample_title"": ""Industrial Product Designer""}"
role:role-j3-ue5微恐射击-ue5引擎开发-主机-pc,J3-UE5微恐射击-UE5引擎开发-主机/PC,job,role-j3-ue5微恐射击-ue5引擎开发-主机-pc,1,2026-04,2026-04,"{""category"": ""ai_algorithm"", ""sample_title"": ""J3-UE5微恐射击-UE5高级引擎开发-主机/PC""}"
role:role-j3-ue5微恐射击-游戏引擎开发工程师,J3-UE5微恐射击-游戏引擎开发工程师,job,role-j3-ue5微恐射击-游戏引擎开发工程师,1,2026-04,2026-04,"{""category"": ""ai_algorithm"", ""sample_title"": ""J3-UE5微恐射击-游戏引擎开发工程师（CI/研发效能）""}"
role:role-keemart-dark-store-manager,Keemart Dark Store-Manager,job,role-keemart-dark-store-manager,1,2026-05,2026-05,"{""category"": ""design"", ""sample_title"": ""Keemart Dark Store-Manager""}"
role:role-keemart-dark-store-supervisor,Keemart Dark Store-supervisor,job,role-keemart-dark-store-supervisor,1,2026-01,2026-01,"{""category"": ""design"", ""sample_title"": ""Keemart Dark Store-supervisor""}"
role:role-keemart-pc-supervisor,Keemart PC Supervisor,job,role-keemart-pc-supervisor,1,2026-03,2026-03,"{""category"": ""data_engineering"", ""sample_title"": ""Keemart PC Supervisor""}"
role:role-keemart-expansion,Keemart-Expansion,job,role-keemart-expansion,1,2026-07,2026-07,"{""category"": ""data_engineering"", ""sample_title"": ""Keemart-Expansion""}"
role:role-keemart-配送成本定价,Keemart-配送成本定价,job,role-keemart-配送成本定价,1,2026-04,2026-04,"{""category"": ""ai_algorithm"", ""sample_title"": ""Keemart-配送成本定价专家""}"
role:role-keeta-brazil-ce-finance-bp,Keeta Brazil CE Finance BP,job,role-keeta-brazil-ce-finance-bp,1,2026-01,2026-01,"{""category"": ""data_engineering"", ""sample_title"": ""Keeta Brazil CE Finance BP""}"
role:role-keeta-drone-business-development-manager,Keeta Drone-Business Development Manager,job,role-keeta-drone-business-development-manager,1,2026-06,2026-06,"{""category"": ""ai_algorithm"", ""sample_title"": ""Keeta Drone-Business Development Manager（方案销售）""}"
role:role-keeta-internal-control-manager,Keeta Internal Control Manager）,job,role-keeta-internal-control-manager,1,2025-12,2025-12,"{""category"": ""data_engineering"", ""sample_title"": ""Keeta Internal Control Manager（KSA））""}"
role:role-keeta巴西履约商业分析,Keeta巴西履约商业分析,job,role-keeta巴西履约商业分析,1,2026-07,2026-07,"{""category"": ""design"", ""sample_title"": ""Keeta巴西履约商业分析""}"
role:role-keeta技术-核心全栈agent工程师,Keeta技术-核心全栈Agent工程师,job,role-keeta技术-核心全栈agent工程师,1,2026-06,2026-06,"{""category"": ""ai_algorithm"", ""sample_title"": ""Keeta技术-核心全栈Agent工程师（供给方向）""}"
role:role-keeta沙特财务fpa,Keeta沙特财务FPA,job,role-keeta沙特财务fpa,1,2026-07,2026-07,"{""category"": ""data_engineering"", ""sample_title"": ""Keeta沙特财务FPA""}"
role:role-keeta海外招聘经理,Keeta海外招聘经理,job,role-keeta海外招聘经理,1,2026-06,2026-06,"{""category"": ""data_engineering"", ""sample_title"": ""Keeta海外招聘经理""}"
role:role-key-account-manager,Key Account Manager,job,role-key-account-manager,1,2026-06,2026-06,"{""category"": ""product_operation"", ""sample_title"": ""Key Account Manager""}"
role:role-k项目-南京bdm,K项目--南京BDM,job,role-k项目-南京bdm,1,2026-03,2026-03,"{""category"": ""product_operation"", ""sample_title"": ""K项目--南京BDM""}"
role:role-lcos工艺,LCOS工艺,job,role-lcos工艺,1,2026-05,2026-05,"{""category"": ""design"", ""sample_title"": ""LCOS工艺专家""}"
role:role-lead-engine-system-engineer,Lead Engine System Engineer,job,role-lead-engine-system-engineer,1,2026-07,2026-07,"{""category"": ""ai_algorithm"", ""sample_title"": ""Lead Engine System Engineer""}"
role:role-lead-gameplay-engineer,Lead Gameplay Engineer,job,role-lead-gameplay-engineer,1,2026-07,2026-07,"{""category"": ""ai_algorithm"", ""sample_title"": ""Lead Gameplay Engineer""}"
role:role-legal-counsel-cloud,"Legal Counsel, Cloud",job,role-legal-counsel-cloud,1,2026-06,2026-06,"{""category"": ""data_engineering"", ""sample_title"": ""Legal Counsel, Cloud""}"
role:role-litigation-legal-counsel-saudi-arabia,"Litigation Legal Counsel, Saudi Arabia",job,role-litigation-legal-counsel-saudi-arabia,1,2026-06,2026-06,"{""category"": ""data_engineering"", ""sample_title"": ""Litigation Legal Counsel, Saudi Arabia""}"
role:role-low-voltage-project-manager-doha-kuwait-city,Low Voltage Project Manager-Doha / Kuwait City,job,role-low-voltage-project-manager-doha-kuwait-city,1,2026-07,2026-07,"{""category"": ""ai_algorithm"", ""sample_title"": ""Low Voltage Project Manager-Doha / Kuwait City""}"
role:role-mems-process-principle-engineer,MEMS Process Principle Engineer,job,role-mems-process-principle-engineer,1,2026-06,2026-06,"{""category"": ""testing_quality"", ""sample_title"": ""MEMS Process Principle Engineer""}"
role:role-manager-supplier-advertising-sales-id212354,"Manager, Supplier Advertising Sales ID212354",job,role-manager-supplier-advertising-sales-id212354,1,2026-07,2026-07,"{""category"": ""product_operation"", ""sample_title"": ""Manager, Supplier Advertising Sales ID212354""}"
role:role-multimedia-development-intern-107331,Multimedia development intern 107331,job,role-multimedia-development-intern-107331,1,2026-07,2026-07,"{""category"": ""data_engineering"", ""sample_title"": ""Multimedia development intern 107331""}"
role:role-nvh工艺,NVH工艺,job,role-nvh工艺,1,2026-06,2026-06,"{""category"": ""data_engineering"", ""sample_title"": ""NVH工艺专家（智能电动）""}"
role:role-nonfood-category-manager,Nonfood Category Manager,job,role-nonfood-category-manager,1,2026-06,2026-06,"{""category"": ""data_engineering"", ""sample_title"": ""Nonfood Category Manager""}"
role:role-nutrition-sales,Nutrition Sales,job,role-nutrition-sales,1,2026-07,2026-07,"{""category"": ""product_operation"", ""sample_title"": ""Nutrition Sales""}"
role:role-oa项目经理,OA项目经理,job,role-oa项目经理,1,2026-07,2026-07,"{""category"": ""product_operation"", ""sample_title"": ""OA项目经理""}"
role:role-opc-development-engineer,OPC Development Engineer,job,role-opc-development-engineer,1,2026-06,2026-06,"{""category"": ""ai_algorithm"", ""sample_title"": ""OPC Development Engineer""}"
role:role-os融合内存,OS融合内存,job,role-os融合内存,1,2026-04,2026-04,"{""category"": ""product_operation"", ""sample_title"": ""OS融合内存专家""}"
role:role-optical-chip-engineer,Optical Chip Engineer,job,role-optical-chip-engineer,1,2026-04,2026-04,"{""category"": ""ai_algorithm"", ""sample_title"": ""Optical Chip Engineer""}"
role:role-pmo,PMO,job,role-pmo,1,2026-06,2026-06,"{""category"": ""design"", ""sample_title"": ""PMO""}"
role:role-ps-框架研发工程师,PS 框架研发工程师,job,role-ps-框架研发工程师,1,2026-05,2026-05,"{""category"": ""design"", ""sample_title"": ""高级PS 框架研发工程师""}"
role:role-pubg-mobile-游戏引擎开发工程师-图形渲染,PUBG Mobile-游戏引擎开发工程师-图形渲染,job,role-pubg-mobile-游戏引擎开发工程师-图形渲染,1,2026-06,2026-06,"{""category"": ""data_engineering"", ""sample_title"": ""PUBG Mobile-游戏引擎开发工程师-图形渲染""}"
role:role-pubg-mobile-游戏引擎开发工程师-新星引力计划,PUBG Mobile-游戏引擎开发工程师-新星引力计划,job,role-pubg-mobile-游戏引擎开发工程师-新星引力计划,1,2026-06,2026-06,"{""category"": ""data_engineering"", ""sample_title"": ""PUBG Mobile-游戏引擎开发工程师(图形渲染)-新星引力计划""}"
role:role-paeds-regional-sales-manager-东一区,Paeds Regional Sales Manager - 东一区,job,role-paeds-regional-sales-manager-东一区,1,2026-07,2026-07,"{""category"": ""product_operation"", ""sample_title"": ""Paeds Regional Sales Manager - 东一区""}"
role:role-people-operations-associate-106179,People Operations Associate 106179,job,role-people-operations-associate-106179,1,2025-09,2025-09,"{""category"": ""data_engineering"", ""sample_title"": ""People Operations Associate 106179""}"
role:role-procurement-manager-manpower-labor-services,Procurement Manager – Manpower & Labor Services,job,role-procurement-manager-manpower-labor-services,1,2026-06,2026-06,"{""category"": ""design"", ""sample_title"": ""Procurement Manager – Manpower & Labor Services""}"
role:role-project-manager,Project Manager,job,role-project-manager,1,2026-06,2026-06,"{""category"": ""product_operation"", ""sample_title"": ""Project Manager""}"
role:role-quality-management,Quality Management,job,role-quality-management,1,2026-06,2026-06,"{""category"": ""ai_algorithm"", ""sample_title"": ""Quality Management""}"
role:role-revit对日工程师,Revit对日工程师,job,role-revit对日工程师,1,2026-07,2026-07,"{""category"": ""design"", ""sample_title"": ""Revit对日工程师""}"
role:role-s2-wxg财务管理,S2-WXG财务管理,job,role-s2-wxg财务管理,1,2026-06,2026-06,"{""category"": ""data_engineering"", ""sample_title"": ""S2-WXG财务管理""}"
role:role-ssd固件开发工程师,SSD固件开发工程师,job,role-ssd固件开发工程师,1,2026-07,2026-07,"{""category"": ""ai_algorithm"", ""sample_title"": ""SSD固件开发高级工程师""}"
role:role-sales-excellence-supervisor,Sales Excellence Supervisor,job,role-sales-excellence-supervisor,1,2026-07,2026-07,"{""category"": ""product_operation"", ""sample_title"": ""Sales Excellence Supervisor""}"
role:role-sales-interior-china,Sales Interior China,job,role-sales-interior-china,1,2026-07,2026-07,"{""category"": ""product_operation"", ""sample_title"": ""Sales Interior China""}"
role:role-sales-manager-north-china,"Sales Manager, North China",job,role-sales-manager-north-china,1,2026-07,2026-07,"{""category"": ""product_operation"", ""sample_title"": ""Sales Manager, North China""}"
role:role-sales-support-analyst,Sales Support Analyst,job,role-sales-support-analyst,1,2026-04,2026-04,"{""category"": ""ai_algorithm"", ""sample_title"": ""Sales Support Analyst (KA)""}"
role:role-specialist-quality-assurance-and-training,Specialist-Quality Assurance and Training,job,role-specialist-quality-assurance-and-training,1,2026-04,2026-04,"{""category"": ""data_engineering"", ""sample_title"": ""Senior Specialist-Quality Assurance and Training""}"
role:role-sr-sales-operation-channel-management-manager,Sr. Sales Operation & Channel Management Manager,job,role-sr-sales-operation-channel-management-manager,1,2026-07,2026-07,"{""category"": ""product_operation"", ""sample_title"": ""Sr. Sales Operation & Channel Management Manager""}"
role:role-strategic-design-engineering-口语流利,Strategic Design Engineering【口语流利】,job,role-strategic-design-engineering-口语流利,1,2026-07,2026-07,"{""category"": ""design"", ""sample_title"": ""Strategic Design Engineering（Apple）【口语流利】""}"
role:role-strategic-investment-director,Strategic Investment Director,job,role-strategic-investment-director,1,2026-06,2026-06,"{""category"": ""data_engineering"", ""sample_title"": ""Strategic Investment Director""}"
role:role-strategy-project-manager,Strategy Project Manager,job,role-strategy-project-manager,1,2026-07,2026-07,"{""category"": ""product_operation"", ""sample_title"": ""Strategy Project Manager""}"
role:role-supercell游戏-海外业务合作与管理,Supercell游戏-海外业务合作与管理,job,role-supercell游戏-海外业务合作与管理,1,2026-06,2026-06,"{""category"": ""data_engineering"", ""sample_title"": ""Supercell游戏-海外业务合作与管理""}"
role:role-tdsql存储引擎研发工程师,TDSQL存储引擎研发工程师,job,role-tdsql存储引擎研发工程师,1,2026-04,2026-04,"{""category"": ""ai_algorithm"", ""sample_title"": ""TDSQL存储引擎研发工程师(北京/上海/深圳)""}"
role:role-tdsql计算引擎研发工程师,TDSQL计算引擎研发工程师,job,role-tdsql计算引擎研发工程师,1,2026-04,2026-04,"{""category"": ""ai_algorithm"", ""sample_title"": ""TDSQL计算引擎研发工程师(北京/上海/深圳)""}"
role:role-tpm项目经理,TPM项目经理,job,role-tpm项目经理,1,2026-07,2026-07,"{""category"": ""product_operation"", ""sample_title"": ""TPM项目经理（具身机器人）""}"
role:role-team-leader-customer-experience,Team Leader - Customer Experience,job,role-team-leader-customer-experience,1,2026-04,2026-04,"{""category"": ""data_engineering"", ""sample_title"": ""Team Leader - Customer Experience""}"
role:role-technical-expert-of-standard-cell-library,Technical Expert of Standard Cell Library,job,role-technical-expert-of-standard-cell-library,1,2026-04,2026-04,"{""category"": ""product_operation"", ""sample_title"": ""Technical Expert of Standard Cell Library""}"
role:role-technology-platform-游戏引擎研发工程师,Technology Platform-游戏引擎研发工程师-,job,role-technology-platform-游戏引擎研发工程师,1,2026-05,2026-05,"{""category"": ""ai_algorithm"", ""sample_title"": ""Technology Platform-游戏引擎研发工程师-(渲染性能优化)""}"
role:role-wxg-data-scientist-intern-107551,WXG - Data Scientist Intern 107551,job,role-wxg-data-scientist-intern-107551,1,2026-05,2026-05,"{""category"": ""ai_algorithm"", ""sample_title"": ""WXG - Data Scientist Intern (Safety Strategies) 107551""}"
role:role-wechat-data-scientist-107007,WeChat - Data Scientist 107007,job,role-wechat-data-scientist-107007,1,2026-03,2026-03,"{""category"": ""data_engineering"", ""sample_title"": ""WeChat - Data Scientist (Safety Strategies) 107007""}"
role:role-weak-current-pm-in-riyadh-jeddah-dammam,Weak current PM in Riyadh/Jeddah/Dammam,job,role-weak-current-pm-in-riyadh-jeddah-dammam,1,2026-06,2026-06,"{""category"": ""ai_algorithm"", ""sample_title"": ""Weak current PM in Riyadh/Jeddah/Dammam""}"
role:role-直接谈-质管部长,[直接谈]质管部长,job,role-直接谈-质管部长,1,2026-07,2026-07,"{""category"": ""product_operation"", ""sample_title"": ""[直接谈]质管部长""}"
role:role-app项目经理,app项目经理,job,role-app项目经理,1,2026-07,2026-07,"{""category"": ""product_operation"", ""sample_title"": ""app项目经理""}"
role:role-bim项目经理,bim项目经理,job,role-bim项目经理,1,2026-07,2026-07,"{""category"": ""data_engineering"", ""sample_title"": ""bim项目经理""}"
role:role-cad绘图员,cad绘图员,job,role-cad绘图员,1,2026-07,2026-07,"{""category"": ""design"", ""sample_title"": ""cad绘图员""}"
role:role-d建模师,d建模师,job,role-d建模师,1,2026-07,2026-07,"{""category"": ""design"", ""sample_title"": ""d建模师""}"
role:role-d绘图员,d绘图员,job,role-d绘图员,1,2026-07,2026-07,"{""category"": ""design"", ""sample_title"": ""d绘图员""}"
role:role-it专员,it专员,job,role-it专员,1,2026-07,2026-07,"{""category"": ""design"", ""sample_title"": ""it专员""}"
role:role-vb-net软件开发工程师,vb.net软件开发工程师,job,role-vb-net软件开发工程师,1,2026-07,2026-07,"{""category"": ""cloud_infra"", ""sample_title"": ""vb.net软件开发工程师""}"
role:role-三角洲行动-市场营销经理,《三角洲行动》-市场营销经理,job,role-三角洲行动-市场营销经理,1,2026-06,2026-06,"{""category"": ""product_operation"", ""sample_title"": ""《三角洲行动》-市场营销经理""}"
role:role-暗区突围-手游图形引擎开发工程师-新星引力计划,《暗区突围》手游图形引擎开发工程师-新星引力计划,job,role-暗区突围-手游图形引擎开发工程师-新星引力计划,1,2026-06,2026-06,"{""category"": ""ai_algorithm"", ""sample_title"": ""《暗区突围》手游图形引擎开发工程师-新星引力计划""}"
role:role-洛克王国-世界-游戏投放素材策略管理,《洛克王国：世界》-游戏投放素材策略管理,job,role-洛克王国-世界-游戏投放素材策略管理,1,2026-06,2026-06,"{""category"": ""data_engineering"", ""sample_title"": ""《洛克王国：世界》-游戏投放素材策略管理""}"
role:role-灰境行者-游戏引擎开发,《灰境行者》-游戏引擎开发,job,role-灰境行者-游戏引擎开发,1,2026-06,2026-06,"{""category"": ""ai_algorithm"", ""sample_title"": ""《灰境行者》-游戏引擎开发（渲染向）""}"
role:role-王者荣耀-引擎开发工程师,《王者荣耀》引擎开发工程师,job,role-王者荣耀-引擎开发工程师,1,2026-06,2026-06,"{""category"": ""design"", ""sample_title"": ""《王者荣耀》引擎开发工程师（图形技术方向）""}"
role:role-穿越火线手游-unity引擎开发工程师,《穿越火线手游》-Unity引擎开发工程师,job,role-穿越火线手游-unity引擎开发工程师,1,2026-06,2026-06,"{""category"": ""ai_algorithm"", ""sample_title"": ""《穿越火线手游》-Unity高级引擎开发工程师（引擎组）""}"
role:role-有保障-模型修整,【有保障】模型修整,job,role-有保障-模型修整,1,2026-06,2026-06,"{""category"": ""ai_algorithm"", ""sample_title"": ""【有保障】模型修整""}"
role:role-直接谈-项目经理,【直接谈】项目经理,job,role-直接谈-项目经理,1,2026-07,2026-07,"{""category"": ""product_operation"", ""sample_title"": ""【直接谈】项目经理""}"
role:role-福利好-影像数据分析师,【福利好】影像数据分析师,job,role-福利好-影像数据分析师,1,2026-07,2026-07,"{""category"": ""data_engineering"", ""sample_title"": ""【福利好】影像数据分析师""}"
role:role-一级注册建筑工程师,一级注册建筑工程师,job,role-一级注册建筑工程师,1,2026-07,2026-07,"{""category"": ""design"", ""sample_title"": ""一级注册建筑工程师""}"
role:role-上车体总布置,上车体总布置,job,role-上车体总布置,1,2026-07,2026-07,"{""category"": ""design"", ""sample_title"": ""上车体总布置""}"
role:role-专利撰写工程师,专利撰写工程师,job,role-专利撰写工程师,1,2026-07,2026-07,"{""category"": ""design"", ""sample_title"": ""专利撰写工程师""}"
role:role-专员,专员.,job,role-专员,1,2026-07,2026-07,"{""category"": ""data_engineering"", ""sample_title"": ""专员.""}"
role:role-业务专员拓展,业务专员拓展,job,role-业务专员拓展,1,2026-07,2026-07,"{""category"": ""design"", ""sample_title"": ""业务专员拓展""}"
role:role-业务经理-项目经理,业务经理/项目经理,job,role-业务经理-项目经理,1,2026-07,2026-07,"{""category"": ""product_operation"", ""sample_title"": ""业务经理/项目经理（FA）""}"
role:role-业务部经理,业务部经理,job,role-业务部经理,1,2026-07,2026-07,"{""category"": ""design"", ""sample_title"": ""业务部经理""}"
role:role-中医执业医生,中医执业医生,job,role-中医执业医生,1,2026-07,2026-07,"{""category"": ""ai_algorithm"", ""sample_title"": ""中医执业医生""}"
role:role-中部大区smb销售,中部大区SMB销售,job,role-中部大区smb销售,1,2026-06,2026-06,"{""category"": ""other"", ""sample_title"": ""中部大区SMB销售""}"
role:role-二级建筑师,二级建筑师,job,role-二级建筑师,1,2026-07,2026-07,"{""category"": ""design"", ""sample_title"": ""二级建筑师""}"
role:role-二道白河项目经理,二道白河项目经理,job,role-二道白河项目经理,1,2026-07,2026-07,"{""category"": ""product_operation"", ""sample_title"": ""二道白河项目经理""}"
role:role-云网络解决方案架构师,云网络解决方案架构师,job,role-云网络解决方案架构师,1,2026-06,2026-06,"{""category"": ""cloud_infra"", ""sample_title"": ""云网络解决方案架构师""}"
role:role-云解决方案架构师,云解决方案架构师,job,role-云解决方案架构师,1,2026-05,2026-05,"{""category"": ""data_engineering"", ""sample_title"": ""云解决方案架构师""}"
role:role-交付项目经理,交付项目经理,job,role-交付项目经理,1,2026-07,2026-07,"{""category"": ""product_operation"", ""sample_title"": ""交付项目经理(A208404)""}"
role:role-交易系统平台-券平台-技术,交易系统平台-券平台-技术,job,role-交易系统平台-券平台-技术,1,2026-01,2026-01,"{""category"": ""testing_quality"", ""sample_title"": ""交易系统平台-券平台-技术专家""}"
role:role-人力外包采购经理,人力外包采购经理,job,role-人力外包采购经理,1,2026-07,2026-07,"{""category"": ""ai_algorithm"", ""sample_title"": ""人力外包采购经理（AI方向）""}"
role:role-人力资源助理,人力资源助理,job,role-人力资源助理,1,2026-07,2026-07,"{""category"": ""testing_quality"", ""sample_title"": ""人力资源助理（编辑）""}"
role:role-人力资源总监,人力资源总监,job,role-人力资源总监,1,2026-07,2026-07,"{""category"": ""design"", ""sample_title"": ""人力资源总监（汽车行业）""}"
role:role-人力资源项目经理,人力资源项目经理,job,role-人力资源项目经理,1,2026-07,2026-07,"{""category"": ""product_operation"", ""sample_title"": ""人力资源项目经理""}"
role:role-人工智能副总经理,人工智能副总经理,job,role-人工智能副总经理,1,2026-07,2026-07,"{""category"": ""ai_algorithm"", ""sample_title"": ""人工智能副总经理""}"
role:role-人工智能工程师,人工智能工程师,job,role-人工智能工程师,1,2026-07,2026-07,"{""category"": ""ai_algorithm"", ""sample_title"": ""人工智能工程师""}"
role:role-仓库管理员调度员,仓库管理员调度员,job,role-仓库管理员调度员,1,2026-07,2026-07,"{""category"": ""product_operation"", ""sample_title"": ""仓库管理员调度员""}"
role:role-企业微信-客户成功-行业解决方案,企业微信-客户成功-行业解决方案,job,role-企业微信-客户成功-行业解决方案,1,2026-06,2026-06,"{""category"": ""data_engineering"", ""sample_title"": ""企业微信-客户成功-行业解决方案""}"
role:role-企业微信-数据库研发工程师,企业微信-数据库研发工程师-,job,role-企业微信-数据库研发工程师,1,2026-07,2026-07,"{""category"": ""design"", ""sample_title"": ""企业微信-数据库研发工程师-（北京/成都）""}"
role:role-企业微信-特征存储平台工程师,企业微信-特征存储平台工程师-,job,role-企业微信-特征存储平台工程师,1,2026-06,2026-06,"{""category"": ""ai_algorithm"", ""sample_title"": ""企业微信-特征存储平台工程师-（成都/北京）""}"
role:role-企业数据顾问,企业数据顾问,job,role-企业数据顾问,1,2026-07,2026-07,"{""category"": ""data_engineering"", ""sample_title"": ""企业数据顾问""}"
role:role-企业解决方案助理,企业解决方案助理,job,role-企业解决方案助理,1,2026-07,2026-07,"{""category"": ""design"", ""sample_title"": ""企业解决方案中级助理""}"
role:role-众包品类采购,众包品类采购,job,role-众包品类采购,1,2026-06,2026-06,"{""category"": ""data_engineering"", ""sample_title"": ""众包品类采购专家（AI驱动）""}"
role:role-会计会计师,会计会计师,job,role-会计会计师,1,2026-07,2026-07,"{""category"": ""design"", ""sample_title"": ""会计会计师""}"
role:role-传输设备工程师,传输设备工程师,job,role-传输设备工程师,1,2026-06,2026-06,"{""category"": ""design"", ""sample_title"": ""传输设备工程师""}"
role:role-低功耗架构师,低功耗架构师,job,role-低功耗架构师,1,2026-04,2026-04,"{""category"": ""product_operation"", ""sample_title"": ""低功耗架构师""}"
role:role-供应履约,供应履约,job,role-供应履约,1,2026-06,2026-06,"{""category"": ""design"", ""sample_title"": ""供应履约专家""}"
role:role-供应链数据分析师,供应链数据分析师,job,role-供应链数据分析师,1,2026-07,2026-07,"{""category"": ""data_engineering"", ""sample_title"": ""供应链数据分析师（居家办公/需要日语口语）""}"
role:role-供应链研发架构师,供应链研发架构师,job,role-供应链研发架构师,1,2026-01,2026-01,"{""category"": ""testing_quality"", ""sample_title"": ""供应链研发架构师""}"
role:role-供应链管理-供应链规划-解决方案,供应链管理-供应链规划-解决方案,job,role-供应链管理-供应链规划-解决方案,1,2026-04,2026-04,"{""category"": ""ai_algorithm"", ""sample_title"": ""供应链管理-供应链规划-解决方案""}"
role:role-保洁,保洁,job,role-保洁,1,2026-07,2026-07,"{""category"": ""design"", ""sample_title"": ""保洁""}"
role:role-信息化项目经理,信息化项目经理,job,role-信息化项目经理,1,2026-07,2026-07,"{""category"": ""product_operation"", ""sample_title"": ""信息化项目经理（有机会落户北京！）""}"
role:role-值班工程师,值班工程师,job,role-值班工程师,1,2026-07,2026-07,"{""category"": ""data_engineering"", ""sample_title"": ""值班工程师""}"
role:role-健康顾问销售代表,健康顾问销售代表,job,role-健康顾问销售代表,1,2026-07,2026-07,"{""category"": ""data_engineering"", ""sample_title"": ""健康顾问销售代表""}"
role:role-光子-ai-可控视频生成研究员,光子 AI-可控视频生成研究员,job,role-光子-ai-可控视频生成研究员,1,2026-06,2026-06,"{""category"": ""ai_algorithm"", ""sample_title"": ""光子 AI-可控视频生成研究员""}"
role:role-光子-ai-推理部署与优化研究员,光子 AI-推理部署与优化研究员,job,role-光子-ai-推理部署与优化研究员,1,2026-07,2026-07,"{""category"": ""ai_algorithm"", ""sample_title"": ""光子 AI-推理部署与优化研究员""}"
role:role-光子-ai-视频生成内容理解与反馈研究员,光子 AI-视频生成内容理解与反馈研究员,job,role-光子-ai-视频生成内容理解与反馈研究员,1,2026-07,2026-07,"{""category"": ""ai_algorithm"", ""sample_title"": ""光子 AI-视频生成内容理解与反馈研究员""}"
role:role-光子-ai-视频生成基础模型研究员,光子 AI-视频生成基础模型研究员,job,role-光子-ai-视频生成基础模型研究员,1,2026-06,2026-06,"{""category"": ""ai_algorithm"", ""sample_title"": ""光子 AI-视频生成基础模型研究员""}"
role:role-光子发行部-海外品牌营销经理,光子发行部-海外品牌营销经理,job,role-光子发行部-海外品牌营销经理,1,2026-05,2026-05,"{""category"": ""testing_quality"", ""sample_title"": ""光子发行部-海外品牌营销经理（射击品类方向）""}"
role:role-全国区hrbp经理,全国区HRBP经理,job,role-全国区hrbp经理,1,2026-07,2026-07,"{""category"": ""data_engineering"", ""sample_title"": ""全国区HRBP经理""}"
role:role-全栈开发工程师,全栈开发工程师,job,role-全栈开发工程师,1,2026-06,2026-06,"{""category"": ""data_engineering"", ""sample_title"": ""全栈开发工程师""}"
role:role-公关活动项目经理,公关活动项目经理,job,role-公关活动项目经理,1,2026-07,2026-07,"{""category"": ""product_operation"", ""sample_title"": ""公关活动项目经理""}"
role:role-公告认证工程师,公告认证工程师,job,role-公告认证工程师,1,2026-07,2026-07,"{""category"": ""design"", ""sample_title"": ""公告认证工程师（整车方向）""}"
role:role-公建类项目经理,公建类项目经理,job,role-公建类项目经理,1,2026-06,2026-06,"{""category"": ""product_operation"", ""sample_title"": ""公建类项目经理（乌海）""}"
role:role-公路工程项目经理,公路工程项目经理,job,role-公路工程项目经理,1,2026-07,2026-07,"{""category"": ""product_operation"", ""sample_title"": ""公路工程项目经理""}"
role:role-公路项目经理,公路项目经理,job,role-公路项目经理,1,2026-07,2026-07,"{""category"": ""product_operation"", ""sample_title"": ""公路项目经理""}"
role:role-具身智能可靠性工程师,具身智能可靠性工程师,job,role-具身智能可靠性工程师,1,2026-05,2026-05,"{""category"": ""data_engineering"", ""sample_title"": ""具身智能可靠性工程师""}"
role:role-具身智能采购商务经理,具身智能采购商务经理,job,role-具身智能采购商务经理,1,2026-05,2026-05,"{""category"": ""ai_algorithm"", ""sample_title"": ""具身智能采购商务经理""}"
role:role-兼职摄影师,兼职摄影师,job,role-兼职摄影师,1,2026-07,2026-07,"{""category"": ""design"", ""sample_title"": ""兼职摄影师""}"
role:role-内容策划与媒体经理,内容策划与媒体经理,job,role-内容策划与媒体经理,1,2026-06,2026-06,"{""category"": ""testing_quality"", ""sample_title"": ""内容策划与媒体经理""}"
role:role-农业项目经理,农业项目经理,job,role-农业项目经理,1,2026-07,2026-07,"{""category"": ""product_operation"", ""sample_title"": ""农业项目经理""}"
role:role-农林技术员,农林技术员,job,role-农林技术员,1,2026-07,2026-07,"{""category"": ""design"", ""sample_title"": ""农林技术员""}"
role:role-冻水产采购,冻水产采购,job,role-冻水产采购,1,2026-04,2026-04,"{""category"": ""product_operation"", ""sample_title"": ""冻水产采购专家""}"
role:role-冻猪自营采购,冻猪自营采购,job,role-冻猪自营采购,1,2026-04,2026-04,"{""category"": ""testing_quality"", ""sample_title"": ""冻猪自营采购专家""}"
role:role-冻禽地采采购,冻禽地采采购,job,role-冻禽地采采购,1,2026-04,2026-04,"{""category"": ""testing_quality"", ""sample_title"": ""冻禽地采采购""}"
role:role-分公司-代表处负责人,分公司/代表处负责人,job,role-分公司-代表处负责人,1,2026-07,2026-07,"{""category"": ""design"", ""sample_title"": ""分公司/代表处负责人""}"
role:role-分析研发项目经理,分析研发项目经理,job,role-分析研发项目经理,1,2026-07,2026-07,"{""category"": ""product_operation"", ""sample_title"": ""分析研发项目经理""}"
role:role-制作项目经理,制作项目经理,job,role-制作项目经理,1,2026-07,2026-07,"{""category"": ""product_operation"", ""sample_title"": ""制作项目经理""}"
role:role-前厅部经理,前厅部经理,job,role-前厅部经理,1,2026-07,2026-07,"{""category"": ""design"", ""sample_title"": ""前厅部经理""}"
role:role-前台,前台,job,role-前台,1,2026-07,2026-07,"{""category"": ""design"", ""sample_title"": ""前台""}"
role:role-前台客户经理,前台客户经理,job,role-前台客户经理,1,2026-07,2026-07,"{""category"": ""design"", ""sample_title"": ""前台客户经理""}"
role:role-前台接待,前台接待,job,role-前台接待,1,2026-07,2026-07,"{""category"": ""design"", ""sample_title"": ""前台接待""}"
role:role-前台文员,前台文员,job,role-前台文员,1,2026-07,2026-07,"{""category"": ""design"", ""sample_title"": ""前台文员""}"
role:role-前置仓品控-快驴佛山,前置仓品控-快驴佛山,job,role-前置仓品控-快驴佛山,1,2026-06,2026-06,"{""category"": ""testing_quality"", ""sample_title"": ""前置仓品控-快驴佛山""}"
role:role-动力学仿真,动力学仿真,job,role-动力学仿真,1,2026-07,2026-07,"{""category"": ""design"", ""sample_title"": ""动力学仿真""}"
role:role-劳务派遣项目经理,劳务派遣项目经理,job,role-劳务派遣项目经理,1,2026-07,2026-07,"{""category"": ""product_operation"", ""sample_title"": ""劳务派遣项目经理""}"
role:role-勘察副总经理,勘察副总经理,job,role-勘察副总经理,1,2026-07,2026-07,"{""category"": ""design"", ""sample_title"": ""勘察副总经理""}"
role:role-医药ka销售-药械,医药KA销售-药械,job,role-医药ka销售-药械,1,2026-06,2026-06,"{""category"": ""product_operation"", ""sample_title"": ""医药KA销售-药械""}"
role:role-医药健康-ai-first-研发工程师,医药健康 · AI First 研发工程师,job,role-医药健康-ai-first-研发工程师,1,2026-04,2026-04,"{""category"": ""ai_algorithm"", ""sample_title"": ""医药健康 · AI First 高级研发工程师""}"
role:role-医药质检部长,医药质检部长,job,role-医药质检部长,1,2026-07,2026-07,"{""category"": ""product_operation"", ""sample_title"": ""(急招)医药质检部长""}"
role:role-医院互联网项目经理-医院-门诊经验,"医院互联网项目经理,医院/门诊经验",job,role-医院互联网项目经理-医院-门诊经验,1,2026-07,2026-07,"{""category"": ""product_operation"", ""sample_title"": ""(20000元以上高薪)医院互联网项目经理,医院/门诊经验""}"
role:role-华南城市蔬菜地采,华南城市蔬菜地采,job,role-华南城市蔬菜地采,1,2026-06,2026-06,"{""category"": ""testing_quality"", ""sample_title"": ""华南城市蔬菜地采""}"
role:role-协同工程师,协同工程师,job,role-协同工程师,1,2026-07,2026-07,"{""category"": ""design"", ""sample_title"": ""协同工程师""}"
role:role-原熔技术员,原熔技术员,job,role-原熔技术员,1,2026-07,2026-07,"{""category"": ""cloud_infra"", ""sample_title"": ""原熔技术员""}"
role:role-后勤,后勤,job,role-后勤,1,2026-07,2026-07,"{""category"": ""design"", ""sample_title"": ""后勤""}"
role:role-后期修图,后期修图,job,role-后期修图,1,2026-07,2026-07,"{""category"": ""design"", ""sample_title"": ""后期修图""}"
role:role-后期制片,后期制片,job,role-后期制片,1,2026-07,2026-07,"{""category"": ""design"", ""sample_title"": ""后期制片""}"
role:role-和平精英-3a渲染,和平精英-3A渲染,job,role-和平精英-3a渲染,1,2026-06,2026-06,"{""category"": ""design"", ""sample_title"": ""和平精英-3A渲染专家""}"
role:role-咨询项目经理,咨询项目经理,job,role-咨询项目经理,1,2026-07,2026-07,"{""category"": ""product_operation"", ""sample_title"": ""咨询项目经理""}"
role:role-咨询顾问,咨询顾问,job,role-咨询顾问,1,2026-07,2026-07,"{""category"": ""data_engineering"", ""sample_title"": ""咨询顾问""}"
role:role-品牌公关项目经理,品牌公关项目经理,job,role-品牌公关项目经理,1,2026-07,2026-07,"{""category"": ""product_operation"", ""sample_title"": ""品牌公关项目经理""}"
role:role-品牌客户经理,品牌客户经理,job,role-品牌客户经理,1,2026-07,2026-07,"{""category"": ""design"", ""sample_title"": ""品牌客户经理""}"
role:role-品质经理,品质经理,job,role-品质经理,1,2026-07,2026-07,"{""category"": ""design"", ""sample_title"": ""品质经理""}"
role:role-售后项目经理,售后项目经理,job,role-售后项目经理,1,2026-07,2026-07,"{""category"": ""product_operation"", ""sample_title"": ""售后项目经理""}"
role:role-商业分析师,商业分析师,job,role-商业分析师,1,2025-10,2025-10,"{""category"": ""data_engineering"", ""sample_title"": ""商业分析师（HR分析）""}"
role:role-商业分析师-商品方向,商业分析师-商品方向,job,role-商业分析师-商品方向,1,2026-06,2026-06,"{""category"": ""ai_algorithm"", ""sample_title"": ""高级商业分析师-商品方向""}"
role:role-商业发展,商业发展,job,role-商业发展,1,2026-07,2026-07,"{""category"": ""product_operation"", ""sample_title"": ""商业发展专家""}"
role:role-商务代表销售代表,商务代表销售代表,job,role-商务代表销售代表,1,2026-07,2026-07,"{""category"": ""design"", ""sample_title"": ""商务代表销售代表""}"
role:role-商务合约岗,商务合约岗,job,role-商务合约岗,1,2026-07,2026-07,"{""category"": ""design"", ""sample_title"": ""商务合约岗""}"
role:role-商务采购专员,商务采购专员,job,role-商务采购专员,1,2026-07,2026-07,"{""category"": ""design"", ""sample_title"": ""商务采购专员""}"
role:role-商品数据分析专员,商品数据分析专员,job,role-商品数据分析专员,1,2026-07,2026-07,"{""category"": ""data_engineering"", ""sample_title"": ""商品数据分析专员""}"
role:role-商营运主管,商营运主管,job,role-商营运主管,1,2026-07,2026-07,"{""category"": ""design"", ""sample_title"": ""商营运主管""}"
role:role-园林工程项目经理,园林工程项目经理,job,role-园林工程项目经理,1,2026-07,2026-07,"{""category"": ""product_operation"", ""sample_title"": ""园林工程项目经理""}"
role:role-园林技术员,园林技术员,job,role-园林技术员,1,2026-07,2026-07,"{""category"": ""design"", ""sample_title"": ""园林技术员""}"
role:role-园林预算,园林预算,job,role-园林预算,1,2026-07,2026-07,"{""category"": ""design"", ""sample_title"": ""园林预算""}"
role:role-固件工程师,固件工程师,job,role-固件工程师,1,2026-07,2026-07,"{""category"": ""testing_quality"", ""sample_title"": ""固件工程师""}"
role:role-国际化领导力发展培训生-keeta-mars-program,国际化领导力发展培训生-Keeta-Mars Program,job,role-国际化领导力发展培训生-keeta-mars-program,1,2026-07,2026-07,"{""category"": ""data_engineering"", ""sample_title"": ""国际化领导力发展培训生-Keeta-Mars Program""}"
role:role-图像领域,图像领域,job,role-图像领域,1,2026-04,2026-04,"{""category"": ""product_operation"", ""sample_title"": ""图像领域专家""}"
role:role-图形与空间计算,图形与空间计算,job,role-图形与空间计算,1,2026-04,2026-04,"{""category"": ""product_operation"", ""sample_title"": ""图形与空间计算高级专家""}"
role:role-土地测绘测量项目经理,土地测绘测量项目经理,job,role-土地测绘测量项目经理,1,2026-07,2026-07,"{""category"": ""product_operation"", ""sample_title"": ""土地测绘测量项目经理""}"
role:role-土木-工程-土建工程师-北京,土木/工程 / 土建工程师-北京,job,role-土木-工程-土建工程师-北京,1,2026-07,2026-07,"{""category"": ""design"", ""sample_title"": ""土木/工程 / 土建工程师-北京""}"
role:role-在研3d动作游戏-ue5引擎开发工程师,在研3D动作游戏-UE5引擎开发工程师,job,role-在研3d动作游戏-ue5引擎开发工程师,1,2026-07,2026-07,"{""category"": ""ai_algorithm"", ""sample_title"": ""在研3D动作游戏-UE5引擎开发工程师（深圳/北京）""}"
role:role-地产项目经理,地产项目经理,job,role-地产项目经理,1,2026-07,2026-07,"{""category"": ""product_operation"", ""sample_title"": ""地产项目经理""}"
role:role-地质勘察副总工程师,地质勘察副总工程师,job,role-地质勘察副总工程师,1,2026-07,2026-07,"{""category"": ""design"", ""sample_title"": ""地质勘察副总工程师""}"
role:role-城市项目经理,城市项目经理,job,role-城市项目经理,1,2026-07,2026-07,"{""category"": ""product_operation"", ""sample_title"": ""城市项目经理""}"
role:role-培训生课程顾问,培训生课程顾问,job,role-培训生课程顾问,1,2026-07,2026-07,"{""category"": ""design"", ""sample_title"": ""培训生课程顾问""}"
role:role-培训项目经理,培训项目经理,job,role-培训项目经理,1,2026-07,2026-07,"{""category"": ""product_operation"", ""sample_title"": ""培训项目经理""}"
role:role-基坑监测工程师,基坑监测工程师,job,role-基坑监测工程师,1,2026-07,2026-07,"{""category"": ""design"", ""sample_title"": ""基坑监测工程师""}"
role:role-境电商人才项目经理,境电商人才项目经理,job,role-境电商人才项目经理,1,2026-07,2026-07,"{""category"": ""product_operation"", ""sample_title"": ""境电商人才项目经理""}"
role:role-外业测量员,外业测量员,job,role-外业测量员,1,2026-07,2026-07,"{""category"": ""data_engineering"", ""sample_title"": ""外业测量员""}"
role:role-外业测量技术人员,外业测量技术人员,job,role-外业测量技术人员,1,2026-07,2026-07,"{""category"": ""design"", ""sample_title"": ""外业测量技术人员""}"
role:role-外卖商业分析,外卖商业分析,job,role-外卖商业分析,1,2026-02,2026-02,"{""category"": ""ai_algorithm"", ""sample_title"": ""外卖商业分析专家（目标绩效策略）""}"
role:role-外墙保温涂料项目经理,外墙保温涂料项目经理,job,role-外墙保温涂料项目经理,1,2026-07,2026-07,"{""category"": ""product_operation"", ""sample_title"": ""外墙保温涂料项目经理""}"
role:role-多媒体工程师,多媒体工程师,job,role-多媒体工程师,1,2026-07,2026-07,"{""category"": ""design"", ""sample_title"": ""多媒体工程师""}"
role:role-大客户业务发展首席总监,大客户业务发展首席总监,job,role-大客户业务发展首席总监,1,2026-07,2026-07,"{""category"": ""cloud_infra"", ""sample_title"": ""大客户业务发展首席总监""}"
role:role-大客户经理,大客户经理,job,role-大客户经理,1,2026-06,2026-06,"{""category"": ""data_engineering"", ""sample_title"": ""大客户经理""}"
role:role-大客户销售,大客户销售,job,role-大客户销售,1,2026-05,2026-05,"{""category"": ""product_operation"", ""sample_title"": ""大客户销售（超市NKA/LKA）""}"
role:role-天山门窗项目经理,天山门窗项目经理,job,role-天山门窗项目经理,1,2026-07,2026-07,"{""category"": ""product_operation"", ""sample_title"": ""天山门窗项目经理""}"
role:role-天美游戏-商业分析经理,天美游戏-商业分析经理,job,role-天美游戏-商业分析经理,1,2026-07,2026-07,"{""category"": ""product_operation"", ""sample_title"": ""天美游戏-资深商业分析经理（AI方向）""}"
role:role-天美游戏-商业分析经理-新星引力计划,天美游戏-商业分析经理-新星引力计划,job,role-天美游戏-商业分析经理-新星引力计划,1,2026-05,2026-05,"{""category"": ""product_operation"", ""sample_title"": ""天美游戏-商业分析经理（AI方向）-新星引力计划""}"
role:role-学生公寓项目经理,学生公寓项目经理,job,role-学生公寓项目经理,1,2026-07,2026-07,"{""category"": ""product_operation"", ""sample_title"": ""学生公寓项目经理""}"
role:role-实施项目经理,实施项目经理,job,role-实施项目经理,1,2026-07,2026-07,"{""category"": ""product_operation"", ""sample_title"": ""实施项目经理""}"
role:role-客户总监,客户总监,job,role-客户总监,1,2026-07,2026-07,"{""category"": ""design"", ""sample_title"": ""客户总监""}"
role:role-客户研究数据分析师,客户研究数据分析师,job,role-客户研究数据分析师,1,2026-07,2026-07,"{""category"": ""data_engineering"", ""sample_title"": ""客户研究数据分析师(J13496)""}"
role:role-客户组-大客户销售,客户组-大客户销售,job,role-客户组-大客户销售,1,2025-11,2025-11,"{""category"": ""product_operation"", ""sample_title"": ""客户组-大客户销售""}"
role:role-客户经理,客户经理,job,role-客户经理,1,2025-11,2025-11,"{""category"": ""testing_quality"", ""sample_title"": ""客户经理（小语种）""}"
role:role-客户销售业务经理,客户销售业务经理,job,role-客户销售业务经理,1,2026-07,2026-07,"{""category"": ""design"", ""sample_title"": ""客户销售业务经理""}"
role:role-客户项目经理河北,客户项目经理河北,job,role-客户项目经理河北,1,2026-07,2026-07,"{""category"": ""product_operation"", ""sample_title"": ""客户项目经理河北""}"
role:role-客服主管,客服主管,job,role-客服主管,1,2026-07,2026-07,"{""category"": ""data_engineering"", ""sample_title"": ""客服主管""}"
role:role-客服人员,客服人员,job,role-客服人员,1,2026-07,2026-07,"{""category"": ""data_engineering"", ""sample_title"": ""客服人员""}"
role:role-室内分布通信工程师,室内分布通信工程师,job,role-室内分布通信工程师,1,2026-07,2026-07,"{""category"": ""design"", ""sample_title"": ""室内分布通信工程师""}"
role:role-家装工程监理,家装工程监理,job,role-家装工程监理,1,2026-07,2026-07,"{""category"": ""design"", ""sample_title"": ""家装工程监理""}"
role:role-家装工长,家装工长,job,role-家装工长,1,2026-07,2026-07,"{""category"": ""design"", ""sample_title"": ""家装工长""}"
role:role-家装销售,家装销售,job,role-家装销售,1,2026-07,2026-07,"{""category"": ""design"", ""sample_title"": ""家装销售""}"
role:role-家装项目经理,家装项目经理,job,role-家装项目经理,1,2026-07,2026-07,"{""category"": ""product_operation"", ""sample_title"": ""家装项目经理""}"
role:role-容器工程师,容器工程师,job,role-容器工程师,1,2026-07,2026-07,"{""category"": ""cloud_infra"", ""sample_title"": ""容器工程师""}"
role:role-容器工艺,容器工艺,job,role-容器工艺,1,2026-07,2026-07,"{""category"": ""cloud_infra"", ""sample_title"": ""容器工艺""}"
role:role-容器技术员,容器技术员,job,role-容器技术员,1,2026-07,2026-07,"{""category"": ""cloud_infra"", ""sample_title"": ""容器技术员""}"
role:role-对象存储多媒体数据处理研发工程师,对象存储多媒体数据处理研发工程师,job,role-对象存储多媒体数据处理研发工程师,1,2026-06,2026-06,"{""category"": ""ai_algorithm"", ""sample_title"": ""对象存储多媒体数据处理研发工程师""}"
role:role-射频pa技术,射频PA技术,job,role-射频pa技术,1,2026-06,2026-06,"{""category"": ""testing_quality"", ""sample_title"": ""射频PA技术专家""}"
role:role-小象-上海仓储主管,小象-上海仓储主管,job,role-小象-上海仓储主管,1,2025-12,2025-12,"{""category"": ""testing_quality"", ""sample_title"": ""小象-上海仓储主管""}"
role:role-小象超市-供应商审核-驻场管理,小象超市-供应商审核＆驻场管理,job,role-小象超市-供应商审核-驻场管理,1,2026-03,2026-03,"{""category"": ""testing_quality"", ""sample_title"": ""小象超市-供应商审核＆驻场管理""}"
role:role-小象超市-储备城市品控负责人,小象超市-储备城市品控负责人,job,role-小象超市-储备城市品控负责人,1,2026-03,2026-03,"{""category"": ""testing_quality"", ""sample_title"": ""小象超市-储备城市品控负责人""}"
role:role-小象超市-华中区域cm,小象超市-华中区域CM,job,role-小象超市-华中区域cm,1,2026-06,2026-06,"{""category"": ""ai_algorithm"", ""sample_title"": ""小象超市-华中区域CM（湘赣鄂）""}"
role:role-小象超市-合作商考核管理,小象超市-合作商考核管理,job,role-小象超市-合作商考核管理,1,2026-04,2026-04,"{""category"": ""ai_algorithm"", ""sample_title"": ""小象超市-合作商考核管理专家""}"
role:role-小象超市-商品测评,小象超市-商品测评,job,role-小象超市-商品测评,1,2026-01,2026-01,"{""category"": ""data_engineering"", ""sample_title"": ""小象超市-商品测评专家""}"
role:role-小象超市-商品陈列,小象超市-商品陈列,job,role-小象超市-商品陈列,1,2026-06,2026-06,"{""category"": ""design"", ""sample_title"": ""小象超市-商品陈列""}"
role:role-小象超市-客户体验改善,小象超市-客户体验改善,job,role-小象超市-客户体验改善,1,2026-05,2026-05,"{""category"": ""product_operation"", ""sample_title"": ""小象超市-客户体验改善专家""}"
role:role-小象超市-山东cm,小象超市-山东CM,job,role-小象超市-山东cm,1,2026-06,2026-06,"{""category"": ""ai_algorithm"", ""sample_title"": ""小象超市-山东CM""}"
role:role-小象超市-工程成本管理,小象超市-工程成本管理,job,role-小象超市-工程成本管理,1,2026-07,2026-07,"{""category"": ""testing_quality"", ""sample_title"": ""小象超市-工程成本管理""}"
role:role-小象超市-数据分析师,小象超市-数据分析师,job,role-小象超市-数据分析师,1,2026-06,2026-06,"{""category"": ""ai_algorithm"", ""sample_title"": ""小象超市-资深数据分析师""}"
role:role-小象超市-方便速食采购,小象超市-方便速食采购,job,role-小象超市-方便速食采购,1,2026-06,2026-06,"{""category"": ""product_operation"", ""sample_title"": ""小象超市-方便速食采购专家""}"
role:role-小象超市-自有品牌品质管理,小象超市-自有品牌品质管理,job,role-小象超市-自有品牌品质管理,1,2026-06,2026-06,"{""category"": ""testing_quality"", ""sample_title"": ""小象超市-自有品牌品质管理专家""}"
role:role-小象超市-薪酬定价策略,小象超市-薪酬定价策略,job,role-小象超市-薪酬定价策略,1,2026-05,2026-05,"{""category"": ""data_engineering"", ""sample_title"": ""小象超市-薪酬定价策略""}"
role:role-居家养老服务项目经理,居家养老服务项目经理,job,role-居家养老服务项目经理,1,2026-07,2026-07,"{""category"": ""product_operation"", ""sample_title"": ""居家养老服务项目经理""}"
role:role-展会项目经理,展会项目经理,job,role-展会项目经理,1,2026-07,2026-07,"{""category"": ""product_operation"", ""sample_title"": ""展会项目经理""}"
role:role-展览策划项目经理-六险一金,展览策划项目经理【六险一金】,job,role-展览策划项目经理-六险一金,1,2026-07,2026-07,"{""category"": ""product_operation"", ""sample_title"": ""展览策划项目经理【六险一金】""}"
role:role-工地技术员,工地技术员,job,role-工地技术员,1,2026-07,2026-07,"{""category"": ""design"", ""sample_title"": ""工地技术员""}"
role:role-工程师,工程师,job,role-工程师,1,2026-07,2026-07,"{""category"": ""design"", ""sample_title"": ""工程师""}"
role:role-工程建筑项目经理,工程建筑项目经理,job,role-工程建筑项目经理,1,2026-07,2026-07,"{""category"": ""product_operation"", ""sample_title"": ""工程建筑项目经理""}"
role:role-工程标代理项目经理,工程标代理项目经理,job,role-工程标代理项目经理,1,2026-07,2026-07,"{""category"": ""product_operation"", ""sample_title"": ""工程标代理项目经理""}"
role:role-工程监理,工程监理,job,role-工程监理,1,2026-07,2026-07,"{""category"": ""design"", ""sample_title"": ""工程监理""}"
role:role-工程部经理项目经理,工程部经理项目经理,job,role-工程部经理项目经理,1,2026-07,2026-07,"{""category"": ""product_operation"", ""sample_title"": ""工程部经理项目经理""}"
role:role-工程项目管理工程师-北京,工程项目管理工程师-北京,job,role-工程项目管理工程师-北京,1,2026-07,2026-07,"{""category"": ""design"", ""sample_title"": ""工程项目管理工程师-北京""}"
role:role-工艺员,工艺员,job,role-工艺员,1,2026-07,2026-07,"{""category"": ""product_operation"", ""sample_title"": ""工艺员""}"
role:role-工装技术员,工装技术员,job,role-工装技术员,1,2026-07,2026-07,"{""category"": ""design"", ""sample_title"": ""工装技术员""}"
role:role-工长,工长,job,role-工长,1,2026-07,2026-07,"{""category"": ""design"", ""sample_title"": ""工长""}"
role:role-巴西hrbp,巴西HRBP,job,role-巴西hrbp,1,2026-05,2026-05,"{""category"": ""ai_algorithm"", ""sample_title"": ""巴西HRBP""}"
role:role-巴西经营分析,巴西经营分析,job,role-巴西经营分析,1,2026-07,2026-07,"{""category"": ""data_engineering"", ""sample_title"": ""巴西经营分析专家""}"
role:role-市场专员-北京,市场专员-北京,job,role-市场专员-北京,1,2026-07,2026-07,"{""category"": ""design"", ""sample_title"": ""市场专员-北京""}"
role:role-市场专员市场部,市场专员市场部,job,role-市场专员市场部,1,2026-07,2026-07,"{""category"": ""design"", ""sample_title"": ""市场专员市场部""}"
role:role-市场拓展经理-北京,市场拓展经理-北京,job,role-市场拓展经理-北京,1,2026-07,2026-07,"{""category"": ""design"", ""sample_title"": ""市场拓展经理-北京""}"
role:role-市场经理市场营销部,市场经理市场营销部,job,role-市场经理市场营销部,1,2026-07,2026-07,"{""category"": ""design"", ""sample_title"": ""市场经理市场营销部""}"
role:role-市场经营专员,市场经营专员,job,role-市场经营专员,1,2026-07,2026-07,"{""category"": ""design"", ""sample_title"": ""市场经营专员""}"
role:role-市场营销策划专员,市场营销策划专员,job,role-市场营销策划专员,1,2026-07,2026-07,"{""category"": ""product_operation"", ""sample_title"": ""市场营销策划专员""}"
role:role-市场部经理,市场部经理,job,role-市场部经理,1,2026-07,2026-07,"{""category"": ""design"", ""sample_title"": ""市场部经理""}"
role:role-市政工程师,市政工程师,job,role-市政工程师,1,2026-07,2026-07,"{""category"": ""design"", ""sample_title"": ""市政工程师""}"
role:role-市政工程项目经理,市政工程项目经理,job,role-市政工程项目经理,1,2026-07,2026-07,"{""category"": ""product_operation"", ""sample_title"": ""市政工程项目经理""}"
role:role-市政项目经理,市政项目经理,job,role-市政项目经理,1,2026-07,2026-07,"{""category"": ""product_operation"", ""sample_title"": ""市政项目经理""}"
role:role-广告-会展项目经理,广告/会展项目经理,job,role-广告-会展项目经理,1,2026-07,2026-07,"{""category"": ""product_operation"", ""sample_title"": ""广告/会展项目经理""}"
role:role-广告文案策划,广告文案策划,job,role-广告文案策划,1,2026-07,2026-07,"{""category"": ""design"", ""sample_title"": ""广告文案策划""}"
role:role-广告销售-易生活-北部大区,广告销售-易生活-北部大区,job,role-广告销售-易生活-北部大区,1,2026-03,2026-03,"{""category"": ""other"", ""sample_title"": ""广告销售-易生活-北部大区""}"
role:role-广告销售-易生活-南部大区,广告销售-易生活-南部大区,job,role-广告销售-易生活-南部大区,1,2025-05,2025-05,"{""category"": ""data_engineering"", ""sample_title"": ""广告销售-易生活-南部大区""}"
role:role-广告销售-易生活-商增大区,广告销售-易生活-商增大区,job,role-广告销售-易生活-商增大区,1,2025-05,2025-05,"{""category"": ""other"", ""sample_title"": ""广告销售-易生活-商增大区""}"
role:role-应用宝-wine-研发工程师,应用宝-Wine 研发工程师,job,role-应用宝-wine-研发工程师,1,2026-06,2026-06,"{""category"": ""ai_algorithm"", ""sample_title"": ""应用宝-Wine 研发高级工程师""}"
role:role-应用技术支持工程师,应用技术支持工程师,job,role-应用技术支持工程师,1,2026-07,2026-07,"{""category"": ""design"", ""sample_title"": ""应用技术支持工程师""}"
role:role-底盘技术项目经理,底盘技术项目经理,job,role-底盘技术项目经理,1,2026-07,2026-07,"{""category"": ""product_operation"", ""sample_title"": ""底盘技术项目经理""}"
role:role-建筑安装现场项目经理,建筑安装现场项目经理,job,role-建筑安装现场项目经理,1,2026-07,2026-07,"{""category"": ""product_operation"", ""sample_title"": ""建筑安装现场项目经理""}"
role:role-建筑安装项目经理,建筑安装项目经理,job,role-建筑安装项目经理,1,2026-07,2026-07,"{""category"": ""product_operation"", ""sample_title"": ""建筑安装项目经理""}"
role:role-建筑工程师-北京,建筑工程师-北京,job,role-建筑工程师-北京,1,2026-07,2026-07,"{""category"": ""design"", ""sample_title"": ""建筑工程师-北京""}"
role:role-建筑甲方项目经理,建筑甲方项目经理,job,role-建筑甲方项目经理,1,2026-07,2026-07,"{""category"": ""product_operation"", ""sample_title"": ""建筑甲方项目经理""}"
role:role-建筑表现,建筑表现,job,role-建筑表现,1,2026-07,2026-07,"{""category"": ""design"", ""sample_title"": ""建筑表现""}"
role:role-建造师项目经理,建造师项目经理,job,role-建造师项目经理,1,2026-07,2026-07,"{""category"": ""product_operation"", ""sample_title"": ""建造师项目经理""}"
role:role-弱电工程师-北京,弱电工程师-北京,job,role-弱电工程师-北京,1,2026-07,2026-07,"{""category"": ""design"", ""sample_title"": ""弱电工程师-北京""}"
role:role-弱电项目经理收,弱电项目经理收,job,role-弱电项目经理收,1,2026-07,2026-07,"{""category"": ""product_operation"", ""sample_title"": ""弱电项目经理收""}"
role:role-影视后期特效制作包装,影视后期特效制作包装,job,role-影视后期特效制作包装,1,2026-07,2026-07,"{""category"": ""design"", ""sample_title"": ""影视后期特效制作包装""}"
role:role-徐州销部经理,徐州销部经理,job,role-徐州销部经理,1,2026-07,2026-07,"{""category"": ""product_operation"", ""sample_title"": ""徐州销部经理""}"
role:role-微信-数据科学-ai业务方向,微信-数据科学-AI业务方向,job,role-微信-数据科学-ai业务方向,1,2026-07,2026-07,"{""category"": ""ai_algorithm"", ""sample_title"": ""微信-数据科学-AI业务方向""}"
role:role-微信小游戏-游戏引擎开发工程师,微信小游戏-游戏引擎开发工程师,job,role-微信小游戏-游戏引擎开发工程师,1,2026-07,2026-07,"{""category"": ""ai_algorithm"", ""sample_title"": ""微信小游戏-游戏引擎开发工程师""}"
role:role-微架构师,微架构师,job,role-微架构师,1,2026-04,2026-04,"{""category"": ""product_operation"", ""sample_title"": ""微架构师""}"
role:role-心请市场部经理,心请市场部经理,job,role-心请市场部经理,1,2026-07,2026-07,"{""category"": ""design"", ""sample_title"": ""心请市场部经理""}"
role:role-快乐猴-东莞副店长,快乐猴-东莞副店长,job,role-快乐猴-东莞副店长,1,2026-06,2026-06,"{""category"": ""design"", ""sample_title"": ""快乐猴-东莞副店长""}"
role:role-快乐猴-佛山副店长,快乐猴-佛山副店长,job,role-快乐猴-佛山副店长,1,2026-06,2026-06,"{""category"": ""design"", ""sample_title"": ""快乐猴-佛山副店长""}"
role:role-快乐猴-华北副店长,快乐猴-华北副店长,job,role-快乐猴-华北副店长,1,2026-04,2026-04,"{""category"": ""design"", ""sample_title"": ""快乐猴-华北副店长""}"
role:role-快乐猴-嘉兴门店副店长,快乐猴-嘉兴门店副店长,job,role-快乐猴-嘉兴门店副店长,1,2026-07,2026-07,"{""category"": ""design"", ""sample_title"": ""快乐猴-嘉兴门店副店长""}"
role:role-快乐猴-天津副店长,快乐猴-天津副店长,job,role-快乐猴-天津副店长,1,2026-05,2026-05,"{""category"": ""design"", ""sample_title"": ""快乐猴-天津副店长""}"
role:role-快乐猴-宁波门店副店长,快乐猴-宁波门店副店长,job,role-快乐猴-宁波门店副店长,1,2026-04,2026-04,"{""category"": ""design"", ""sample_title"": ""快乐猴-宁波门店副店长""}"
role:role-快乐猴-宁波门店店长,快乐猴-宁波门店店长,job,role-快乐猴-宁波门店店长,1,2026-04,2026-04,"{""category"": ""design"", ""sample_title"": ""快乐猴-宁波门店店长""}"
role:role-快乐猴-广州副店长,快乐猴-广州副店长,job,role-快乐猴-广州副店长,1,2026-06,2026-06,"{""category"": ""design"", ""sample_title"": ""快乐猴-广州副店长""}"
role:role-快乐猴-廊坊副店长,快乐猴-廊坊副店长,job,role-快乐猴-廊坊副店长,1,2026-05,2026-05,"{""category"": ""design"", ""sample_title"": ""快乐猴-廊坊副店长""}"
role:role-快乐猴-杭州门店副店长,快乐猴-杭州门店副店长,job,role-快乐猴-杭州门店副店长,1,2026-04,2026-04,"{""category"": ""design"", ""sample_title"": ""快乐猴-杭州门店副店长""}"
role:role-快乐猴-杭州门店店长,快乐猴-杭州门店店长,job,role-快乐猴-杭州门店店长,1,2026-07,2026-07,"{""category"": ""design"", ""sample_title"": ""快乐猴-杭州门店店长""}"
role:role-快乐猴-深圳副店长,快乐猴-深圳副店长,job,role-快乐猴-深圳副店长,1,2026-06,2026-06,"{""category"": ""design"", ""sample_title"": ""快乐猴-深圳副店长""}"
role:role-快乐猴-湖州门店副店长,快乐猴-湖州门店副店长,job,role-快乐猴-湖州门店副店长,1,2026-06,2026-06,"{""category"": ""design"", ""sample_title"": ""快乐猴-湖州门店副店长""}"
role:role-快乐猴-湖州门店店长,快乐猴-湖州门店店长,job,role-快乐猴-湖州门店店长,1,2026-07,2026-07,"{""category"": ""design"", ""sample_title"": ""快乐猴-湖州门店店长""}"
role:role-快乐猴-绍兴门店副店长,快乐猴-绍兴门店副店长,job,role-快乐猴-绍兴门店副店长,1,2026-04,2026-04,"{""category"": ""design"", ""sample_title"": ""快乐猴-绍兴门店副店长""}"
role:role-快乐猴-自有品牌烘焙采购,快乐猴-自有品牌烘焙采购,job,role-快乐猴-自有品牌烘焙采购,1,2026-06,2026-06,"{""category"": ""product_operation"", ""sample_title"": ""快乐猴-自有品牌烘焙采购专家""}"
role:role-快乐猴-金华门店副店长,快乐猴-金华门店副店长,job,role-快乐猴-金华门店副店长,1,2026-04,2026-04,"{""category"": ""design"", ""sample_title"": ""快乐猴-金华门店副店长""}"
role:role-快乐猴-门店选址网络规划-华东,快乐猴-门店选址网络规划-华东,job,role-快乐猴-门店选址网络规划-华东,1,2026-04,2026-04,"{""category"": ""data_engineering"", ""sample_title"": ""快乐猴-门店选址网络规划专家-华东""}"
role:role-快乐猴-门店选址网络规划-华南,快乐猴-门店选址网络规划-华南,job,role-快乐猴-门店选址网络规划-华南,1,2026-06,2026-06,"{""category"": ""data_engineering"", ""sample_title"": ""快乐猴-门店选址网络规划专家-华南""}"
role:role-快乐猴-门店选址规划城市负责人,快乐猴-门店选址规划城市负责人,job,role-快乐猴-门店选址规划城市负责人,1,2026-04,2026-04,"{""category"": ""data_engineering"", ""sample_title"": ""快乐猴-门店选址规划城市负责人""}"
role:role-快乐猴-饮料-水饮自有品牌开发采购,快乐猴-饮料&水饮自有品牌开发采购,job,role-快乐猴-饮料-水饮自有品牌开发采购,1,2026-04,2026-04,"{""category"": ""product_operation"", ""sample_title"": ""快乐猴-饮料&水饮自有品牌开发采购""}"
role:role-快消外企-电商数据分析,快消外企——电商数据分析,job,role-快消外企-电商数据分析,1,2026-07,2026-07,"{""category"": ""data_engineering"", ""sample_title"": ""快消外企——电商数据分析（英文流利）""}"
role:role-快驴事业部-商品hrbp,快驴事业部-商品HRBP,job,role-快驴事业部-商品hrbp,1,2026-06,2026-06,"{""category"": ""data_engineering"", ""sample_title"": ""快驴事业部-商品HRBP""}"
role:role-快驴城市驻仓品控,快驴城市驻仓品控,job,role-快驴城市驻仓品控,1,2026-04,2026-04,"{""category"": ""testing_quality"", ""sample_title"": ""快驴城市驻仓品控""}"
role:role-快驴小b华南大区-bdm,快驴小B华南大区-BDM,job,role-快驴小b华南大区-bdm,1,2026-01,2026-01,"{""category"": ""data_engineering"", ""sample_title"": ""快驴小B华南大区-BDM""}"
role:role-总工,总工,job,role-总工,1,2026-07,2026-07,"{""category"": ""design"", ""sample_title"": ""总工""}"
role:role-慢性病管理兼传控科数据分析-信息管理-流,慢性病管理兼传控科数据分析、信息管理、流,job,role-慢性病管理兼传控科数据分析-信息管理-流,1,2026-07,2026-07,"{""category"": ""data_engineering"", ""sample_title"": ""(机会来了)慢性病管理兼传控科数据分析、信息管理、流""}"
role:role-成本控制经理-北京,成本控制经理-北京,job,role-成本控制经理-北京,1,2026-07,2026-07,"{""category"": ""design"", ""sample_title"": ""成本控制经理-北京""}"
role:role-战略采购-电子芯片感知器件方向,战略采购—电子芯片感知器件方向,job,role-战略采购-电子芯片感知器件方向,1,2026-05,2026-05,"{""category"": ""ai_algorithm"", ""sample_title"": ""战略采购专家—电子芯片感知器件方向""}"
role:role-房地产项目经理,房地产项目经理,job,role-房地产项目经理,1,2026-07,2026-07,"{""category"": ""product_operation"", ""sample_title"": ""房地产项目经理""}"
role:role-手工皮具师,手工皮具师,job,role-手工皮具师,1,2026-07,2026-07,"{""category"": ""design"", ""sample_title"": ""手工皮具师""}"
role:role-技工,技工,job,role-技工,1,2026-07,2026-07,"{""category"": ""testing_quality"", ""sample_title"": ""高级技工""}"
role:role-技术支持,技术支持,job,role-技术支持,1,2026-07,2026-07,"{""category"": ""cloud_infra"", ""sample_title"": ""技术支持""}"
role:role-护士,护士,job,role-护士,1,2026-07,2026-07,"{""category"": ""ai_algorithm"", ""sample_title"": ""(待遇优)护士""}"
role:role-招聘经理,招聘经理,job,role-招聘经理,1,2026-04,2026-04,"{""category"": ""data_engineering"", ""sample_title"": ""招聘经理（职能方向）""}"
role:role-招聘经理-ai-native,招聘经理-AI Native,job,role-招聘经理-ai-native,1,2026-05,2026-05,"{""category"": ""testing_quality"", ""sample_title"": ""招聘经理-AI Native""}"
role:role-拼好饭-工程筹备经理,拼好饭-工程筹备经理,job,role-拼好饭-工程筹备经理,1,2026-03,2026-03,"{""category"": ""design"", ""sample_title"": ""拼好饭-工程筹备经理""}"
role:role-拼好饭-质控负责人,拼好饭-质控负责人,job,role-拼好饭-质控负责人,1,2026-07,2026-07,"{""category"": ""testing_quality"", ""sample_title"": ""拼好饭-质控负责人""}"
role:role-摄影,摄影,job,role-摄影,1,2026-07,2026-07,"{""category"": ""design"", ""sample_title"": ""摄影""}"
role:role-政采销售经理,政采销售经理,job,role-政采销售经理,1,2026-07,2026-07,"{""category"": ""design"", ""sample_title"": ""政采销售经理""}"
role:role-数字化项目经理,数字化项目经理,job,role-数字化项目经理,1,2026-07,2026-07,"{""category"": ""product_operation"", ""sample_title"": ""(高薪18000元以上)数字化项目经理""}"
role:role-数字能源业务拓展代表,数字能源业务拓展代表,job,role-数字能源业务拓展代表,1,2026-05,2026-05,"{""category"": ""design"", ""sample_title"": ""数字能源业务拓展代表""}"
role:role-数字能源拓展,数字能源拓展,job,role-数字能源拓展,1,2026-06,2026-06,"{""category"": ""product_operation"", ""sample_title"": ""数字能源拓展""}"
role:role-数据分析岗,数据分析岗,job,role-数据分析岗,1,2026-07,2026-07,"{""category"": ""data_engineering"", ""sample_title"": ""数据分析岗""}"
role:role-数据分析师-power-bi工程师,数据分析师&power Bi工程师,job,role-数据分析师-power-bi工程师,1,2026-07,2026-07,"{""category"": ""data_engineering"", ""sample_title"": ""数据分析师&power Bi工程师""}"
role:role-数据分析师-抖音,数据分析师-抖音,job,role-数据分析师-抖音,1,2026-07,2026-07,"{""category"": ""data_engineering"", ""sample_title"": ""数据分析师（游戏方向）-抖音""}"
role:role-数据分析师-gap,数据分析师，GAP,job,role-数据分析师-gap,1,2026-07,2026-07,"{""category"": ""data_engineering"", ""sample_title"": ""资深数据分析师，GAP (MJ000722)""}"
role:role-数据实施工程师,数据实施工程师,job,role-数据实施工程师,1,2026-07,2026-07,"{""category"": ""data_engineering"", ""sample_title"": ""数据实施工程师""}"
role:role-数据平台部-用户分析引擎开发工程师,数据平台部-用户分析引擎开发工程师,job,role-数据平台部-用户分析引擎开发工程师,1,2026-07,2026-07,"{""category"": ""data_engineering"", ""sample_title"": ""数据平台部-用户分析引擎开发工程师""}"
role:role-数据库内核技术负责人,数据库内核技术负责人,job,role-数据库内核技术负责人,1,2026-05,2026-05,"{""category"": ""product_operation"", ""sample_title"": ""数据库内核技术负责人""}"
role:role-数据采集项目经理,数据采集项目经理,job,role-数据采集项目经理,1,2026-07,2026-07,"{""category"": ""product_operation"", ""sample_title"": ""数据采集项目经理""}"
role:role-整机采购,整机采购,job,role-整机采购,1,2026-07,2026-07,"{""category"": ""testing_quality"", ""sample_title"": ""整机采购""}"
role:role-文案-策划,文案 策划,job,role-文案-策划,1,2026-07,2026-07,"{""category"": ""design"", ""sample_title"": ""文案 策划""}"
role:role-新能源项目公司项目经理,新能源项目公司项目经理,job,role-新能源项目公司项目经理,1,2026-07,2026-07,"{""category"": ""product_operation"", ""sample_title"": ""新能源项目公司项目经理""}"
role:role-施工现场-北京,施工现场-北京,job,role-施工现场-北京,1,2026-07,2026-07,"{""category"": ""design"", ""sample_title"": ""施工现场（工程管理）-北京""}"
role:role-无人机-机械结构工程师,无人机-机械结构工程师,job,role-无人机-机械结构工程师,1,2026-06,2026-06,"{""category"": ""testing_quality"", ""sample_title"": ""无人机-高级机械结构工程师""}"
role:role-无人机-机电工程师,无人机-机电工程师,job,role-无人机-机电工程师,1,2026-06,2026-06,"{""category"": ""ai_algorithm"", ""sample_title"": ""无人机-机电工程师""}"
role:role-无人机-毫米波雷达基带工程师,无人机-毫米波雷达基带工程师,job,role-无人机-毫米波雷达基带工程师,1,2026-06,2026-06,"{""category"": ""ai_algorithm"", ""sample_title"": ""无人机-毫米波雷达基带工程师""}"
role:role-无人机-毫米波雷达感知ai技术研究员,无人机-毫米波雷达感知AI技术研究员,job,role-无人机-毫米波雷达感知ai技术研究员,1,2026-06,2026-06,"{""category"": ""ai_algorithm"", ""sample_title"": ""无人机-毫米波雷达感知AI技术研究员""}"
role:role-无人机-机场设备售后工程师,无人机—机场设备售后工程师,job,role-无人机-机场设备售后工程师,1,2026-07,2026-07,"{""category"": ""cloud_infra"", ""sample_title"": ""无人机—机场设备售后工程师""}"
role:role-无人机系统工程师,无人机系统工程师,job,role-无人机系统工程师,1,2026-06,2026-06,"{""category"": ""testing_quality"", ""sample_title"": ""无人机系统工程师""}"
role:role-无人机采购商务经理-结构件品类方向,无人机采购商务经理-结构件品类方向,job,role-无人机采购商务经理-结构件品类方向,1,2026-07,2026-07,"{""category"": ""testing_quality"", ""sample_title"": ""无人机采购商务经理-结构件品类方向""}"
role:role-无人机采购商务经理-芯片半导体采购,无人机采购商务经理-芯片半导体采购,job,role-无人机采购商务经理-芯片半导体采购,1,2026-05,2026-05,"{""category"": ""testing_quality"", ""sample_title"": ""无人机采购商务经理-芯片半导体采购""}"
role:role-无人车业务部-传感器系统工程师,无人车业务部-传感器系统工程师,job,role-无人车业务部-传感器系统工程师,1,2026-07,2026-07,"{""category"": ""ai_algorithm"", ""sample_title"": ""无人车业务部-传感器系统工程师（激光雷达）""}"
role:role-无人车业务部-内外饰工程师,无人车业务部-内外饰工程师,job,role-无人车业务部-内外饰工程师,1,2026-03,2026-03,"{""category"": ""testing_quality"", ""sample_title"": ""无人车业务部-内外饰工程师""}"
role:role-无人车业务部-总布置工程师,无人车业务部-总布置工程师,job,role-无人车业务部-总布置工程师,1,2026-03,2026-03,"{""category"": ""design"", ""sample_title"": ""无人车业务部-总布置工程师""}"
role:role-无人车业务部-数据闭环-架构师,无人车业务部-数据闭环/架构师,job,role-无人车业务部-数据闭环-架构师,1,2026-07,2026-07,"{""category"": ""ai_algorithm"", ""sample_title"": ""无人车业务部-数据闭环专家/架构师""}"
role:role-无人车业务部-整车热管理系统工程师,无人车业务部-整车热管理系统工程师,job,role-无人车业务部-整车热管理系统工程师,1,2026-07,2026-07,"{""category"": ""testing_quality"", ""sample_title"": ""无人车业务部-整车热管理系统工程师""}"
role:role-无人车业务部-模型部署优化工程师,无人车业务部-模型部署优化工程师,job,role-无人车业务部-模型部署优化工程师,1,2026-07,2026-07,"{""category"": ""ai_algorithm"", ""sample_title"": ""无人车业务部-模型部署优化工程师""}"
role:role-无人车业务部-路测问题分析员,无人车业务部-路测问题分析员,job,role-无人车业务部-路测问题分析员,1,2026-07,2026-07,"{""category"": ""ai_algorithm"", ""sample_title"": ""无人车业务部-路测问题分析员""}"
role:role-无人车业务部-车身工艺工程师,无人车业务部-车身工艺工程师,job,role-无人车业务部-车身工艺工程师,1,2026-03,2026-03,"{""category"": ""testing_quality"", ""sample_title"": ""无人车业务部-车身工艺工程师""}"
role:role-无人车业务部-高性能分布式计算,无人车业务部-高性能分布式计算,job,role-无人车业务部-高性能分布式计算,1,2026-07,2026-07,"{""category"": ""ai_algorithm"", ""sample_title"": ""无人车业务部-高性能分布式计算专家""}"
role:role-无畏契约手游-品牌经理,无畏契约手游-品牌经理,job,role-无畏契约手游-品牌经理,1,2026-06,2026-06,"{""category"": ""data_engineering"", ""sample_title"": ""无畏契约手游-品牌经理""}"
role:role-日销品检测销售顾问,日销品检测销售顾问,job,role-日销品检测销售顾问,1,2026-07,2026-07,"{""category"": ""testing_quality"", ""sample_title"": ""日销品检测销售顾问""}"
role:role-早教老师,早教老师,job,role-早教老师,1,2026-07,2026-07,"{""category"": ""design"", ""sample_title"": ""早教老师""}"
role:role-普工操作工包交,普工操作工包交,job,role-普工操作工包交,1,2026-07,2026-07,"{""category"": ""data_engineering"", ""sample_title"": ""普工操作工包交""}"
role:role-智慧零售-大客户销售经理-公有云销售深圳,智慧零售-大客户销售经理/公有云销售深圳,job,role-智慧零售-大客户销售经理-公有云销售深圳,1,2026-07,2026-07,"{""category"": ""data_engineering"", ""sample_title"": ""智慧零售-大客户销售经理/公有云销售（出海方向）深圳""}"
role:role-智慧零售大客户销售经理-公有云销售,智慧零售大客户销售经理/公有云销售,job,role-智慧零售大客户销售经理-公有云销售,1,2026-06,2026-06,"{""category"": ""data_engineering"", ""sample_title"": ""智慧零售大客户销售经理/公有云销售""}"
role:role-智能体工程师,智能体工程师,job,role-智能体工程师,1,2026-07,2026-07,"{""category"": ""product_operation"", ""sample_title"": ""智能体（Agent）工程师""}"
role:role-智能化软件可信工程,智能化软件可信工程,job,role-智能化软件可信工程,1,2026-06,2026-06,"{""category"": ""testing_quality"", ""sample_title"": ""智能化软件可信工程资深专家""}"
role:role-智能机器人工业应用工程师,智能机器人工业应用工程师,job,role-智能机器人工业应用工程师,1,2026-06,2026-06,"{""category"": ""ai_algorithm"", ""sample_title"": ""智能机器人工业应用工程师""}"
role:role-智能餐饮设备商务经理,智能餐饮设备商务经理,job,role-智能餐饮设备商务经理,1,2026-05,2026-05,"{""category"": ""product_operation"", ""sample_title"": ""智能餐饮设备商务经理""}"
role:role-智驾研发项目经理,智驾研发项目经理,job,role-智驾研发项目经理,1,2026-07,2026-07,"{""category"": ""product_operation"", ""sample_title"": ""智驾研发项目经理(A150760)""}"
role:role-暖通-给排水工程师-某援助项目-北京,暖通/给排水工程师-某援助项目-北京,job,role-暖通-给排水工程师-某援助项目-北京,1,2026-07,2026-07,"{""category"": ""design"", ""sample_title"": ""暖通/给排水工程师-某援助项目-北京""}"
role:role-暖通bim工程师,暖通BIM工程师,job,role-暖通bim工程师,1,2026-07,2026-07,"{""category"": ""data_engineering"", ""sample_title"": ""暖通BIM工程师""}"
role:role-暖通工程业务项目经理,暖通工程业务项目经理,job,role-暖通工程业务项目经理,1,2026-07,2026-07,"{""category"": ""product_operation"", ""sample_title"": ""暖通工程业务项目经理""}"
role:role-暖通工程师-北京,暖通工程师-北京,job,role-暖通工程师-北京,1,2026-07,2026-07,"{""category"": ""design"", ""sample_title"": ""暖通工程师-北京""}"
role:role-暖通给排水工程师,暖通给排水工程师,job,role-暖通给排水工程师,1,2026-07,2026-07,"{""category"": ""design"", ""sample_title"": ""暖通给排水工程师""}"
role:role-暖通项目经理,暖通项目经理,job,role-暖通项目经理,1,2026-07,2026-07,"{""category"": ""product_operation"", ""sample_title"": ""暖通项目经理""}"
role:role-暗区突围端游海外创作者管理-生态经理,暗区突围端游海外创作者管理/生态经理,job,role-暗区突围端游海外创作者管理-生态经理,1,2026-04,2026-04,"{""category"": ""product_operation"", ""sample_title"": ""暗区突围端游海外创作者管理/生态经理（CIS区）""}"
role:role-月保底9000-宠物猫粮专送-提供车-包吃包住,月保底9000+宠物猫粮专送+提供车+包吃包住,job,role-月保底9000-宠物猫粮专送-提供车-包吃包住,1,2026-07,2026-07,"{""category"": ""design"", ""sample_title"": ""月保底9000+宠物猫粮专送+提供车+包吃包住""}"
role:role-服务伙伴使能助理,服务伙伴使能助理,job,role-服务伙伴使能助理,1,2026-06,2026-06,"{""category"": ""data_engineering"", ""sample_title"": ""服务伙伴使能助理""}"
role:role-服装卖场兼职店员,服装卖场兼职店员,job,role-服装卖场兼职店员,1,2026-07,2026-07,"{""category"": ""data_engineering"", ""sample_title"": ""服装卖场兼职店员""}"
role:role-木门项目经理,木门项目经理,job,role-木门项目经理,1,2026-07,2026-07,"{""category"": ""product_operation"", ""sample_title"": ""木门项目经理""}"
role:role-机器人-机械结构工程师,机器人-机械结构工程师,job,role-机器人-机械结构工程师,1,2026-05,2026-05,"{""category"": ""ai_algorithm"", ""sample_title"": ""机器人-高级机械结构工程师""}"
role:role-机械工程师,机械工程师,job,role-机械工程师,1,2026-07,2026-07,"{""category"": ""testing_quality"", ""sample_title"": ""高级机械工程师""}"
role:role-机电安装项目经理,机电安装项目经理,job,role-机电安装项目经理,1,2026-07,2026-07,"{""category"": ""product_operation"", ""sample_title"": ""机电安装项目经理""}"
role:role-机电工程师项目经理,机电工程师项目经理,job,role-机电工程师项目经理,1,2026-07,2026-07,"{""category"": ""product_operation"", ""sample_title"": ""机电工程师项目经理""}"
role:role-构网型储能研发工程师,构网型储能研发工程师,job,role-构网型储能研发工程师,1,2026-05,2026-05,"{""category"": ""product_operation"", ""sample_title"": ""构网型储能研发工程师""}"
role:role-标书专员,标书专员,job,role-标书专员,1,2026-07,2026-07,"{""category"": ""data_engineering"", ""sample_title"": ""标书专员""}"
role:role-校项目经理,校项目经理,job,role-校项目经理,1,2026-07,2026-07,"{""category"": ""product_operation"", ""sample_title"": ""校项目经理""}"
role:role-核心本地商业-美团平台od,核心本地商业-美团平台OD,job,role-核心本地商业-美团平台od,1,2026-06,2026-06,"{""category"": ""design"", ""sample_title"": ""核心本地商业-美团平台OD""}"
role:role-档案管理员,档案管理员,job,role-档案管理员,1,2026-07,2026-07,"{""category"": ""cloud_infra"", ""sample_title"": ""档案管理员""}"
role:role-模型体验支持,模型体验支持,job,role-模型体验支持,1,2026-07,2026-07,"{""category"": ""ai_algorithm"", ""sample_title"": ""模型体验支持（豆包）""}"
role:role-模型大工,模型大工,job,role-模型大工,1,2026-07,2026-07,"{""category"": ""ai_algorithm"", ""sample_title"": ""(机会来了)模型大工""}"
role:role-模型师,模型师,job,role-模型师,1,2026-07,2026-07,"{""category"": ""ai_algorithm"", ""sample_title"": ""模型师""}"
role:role-模型算子开发工程师,模型算子开发工程师,job,role-模型算子开发工程师,1,2026-07,2026-07,"{""category"": ""ai_algorithm"", ""sample_title"": ""模型算子开发工程师""}"
role:role-次世代ue5战术射击端游-游戏引擎,次世代UE5战术射击端游-游戏引擎,job,role-次世代ue5战术射击端游-游戏引擎,1,2026-07,2026-07,"{""category"": ""ai_algorithm"", ""sample_title"": ""次世代UE5战术射击端游-游戏引擎""}"
role:role-歪马鲜酒铺-装修服务商管理,歪马鲜酒铺-装修服务商管理,job,role-歪马鲜酒铺-装修服务商管理,1,2026-06,2026-06,"{""category"": ""ai_algorithm"", ""sample_title"": ""歪马鲜酒铺-装修服务商管理""}"
role:role-毒理项目经理,毒理项目经理,job,role-毒理项目经理,1,2026-07,2026-07,"{""category"": ""product_operation"", ""sample_title"": ""毒理项目经理""}"
role:role-气动力专业负责人-北京,气动力专业负责人-北京,job,role-气动力专业负责人-北京,1,2026-07,2026-07,"{""category"": ""design"", ""sample_title"": ""气动力专业负责人-北京""}"
role:role-水处理工程项目经理,水处理工程项目经理,job,role-水处理工程项目经理,1,2026-07,2026-07,"{""category"": ""product_operation"", ""sample_title"": ""水处理工程项目经理""}"
role:role-水处理项目经理,水处理项目经理,job,role-水处理项目经理,1,2026-07,2026-07,"{""category"": ""product_operation"", ""sample_title"": ""水处理项目经理""}"
role:role-汽车事业部销售代表,汽车事业部销售代表,job,role-汽车事业部销售代表,1,2026-07,2026-07,"{""category"": ""testing_quality"", ""sample_title"": ""汽车事业部销售代表""}"
role:role-汽车研发新人培养岗,汽车研发新人培养岗,job,role-汽车研发新人培养岗,1,2026-07,2026-07,"{""category"": ""design"", ""sample_title"": ""汽车研发新人培养岗（要求英语可作为工作语言）""}"
role:role-汽车零部件项目经理,汽车零部件项目经理,job,role-汽车零部件项目经理,1,2026-07,2026-07,"{""category"": ""product_operation"", ""sample_title"": ""汽车零部件项目经理（需要英语）""}"
role:role-汽车项目管理,汽车项目管理,job,role-汽车项目管理,1,2026-07,2026-07,"{""category"": ""design"", ""sample_title"": ""汽车项目管理""}"
role:role-汽车项目经理,汽车项目经理,job,role-汽车项目经理,1,2026-07,2026-07,"{""category"": ""product_operation"", ""sample_title"": ""汽车项目经理""}"
role:role-沛县餐饮管理项目经理,沛县餐饮管理项目经理,job,role-沛县餐饮管理项目经理,1,2026-07,2026-07,"{""category"": ""product_operation"", ""sample_title"": ""沛县餐饮管理项目经理""}"
role:role-注册建筑工程师,注册建筑工程师,job,role-注册建筑工程师,1,2026-07,2026-07,"{""category"": ""design"", ""sample_title"": ""注册建筑工程师""}"
role:role-注册测绘师,注册测绘师,job,role-注册测绘师,1,2026-07,2026-07,"{""category"": ""design"", ""sample_title"": ""注册测绘师""}"
role:role-流通渠道销售,流通渠道销售,job,role-流通渠道销售,1,2026-07,2026-07,"{""category"": ""product_operation"", ""sample_title"": ""流通渠道销售（天津）""}"
role:role-海外kol营销-沙特,海外KOL营销-沙特,job,role-海外kol营销-沙特,1,2026-06,2026-06,"{""category"": ""product_operation"", ""sample_title"": ""海外KOL营销专家-沙特""}"
role:role-海外业务薪酬负责人,海外业务薪酬负责人,job,role-海外业务薪酬负责人,1,2026-07,2026-07,"{""category"": ""design"", ""sample_title"": ""海外业务薪酬负责人""}"
role:role-海外援建项目-建筑专业工程师-北京,海外援建项目-建筑专业工程师-北京,job,role-海外援建项目-建筑专业工程师-北京,1,2026-07,2026-07,"{""category"": ""design"", ""sample_title"": ""海外援建项目-建筑专业工程师-北京""}"
role:role-海外数据bi分析师,海外数据BI分析师,job,role-海外数据bi分析师,1,2026-07,2026-07,"{""category"": ""data_engineering"", ""sample_title"": ""海外数据BI分析师 (MJ006697)""}"
role:role-海外薪酬福利,海外薪酬福利,job,role-海外薪酬福利,1,2026-05,2026-05,"{""category"": ""design"", ""sample_title"": ""海外薪酬福利""}"
role:role-涂装-总装工艺工程师,涂装/总装工艺工程师,job,role-涂装-总装工艺工程师,1,2026-07,2026-07,"{""category"": ""design"", ""sample_title"": ""涂装/总装工艺工程师""}"
role:role-消防主管,消防主管,job,role-消防主管,1,2026-07,2026-07,"{""category"": ""data_engineering"", ""sample_title"": ""消防主管""}"
role:role-消防项目经理,消防项目经理,job,role-消防项目经理,1,2026-07,2026-07,"{""category"": ""product_operation"", ""sample_title"": ""消防项目经理""}"
role:role-消防项目经理-北京,消防项目经理-北京,job,role-消防项目经理-北京,1,2026-07,2026-07,"{""category"": ""product_operation"", ""sample_title"": ""消防项目经理-北京""}"
role:role-涉县物业项目经理,涉县物业项目经理,job,role-涉县物业项目经理,1,2026-07,2026-07,"{""category"": ""product_operation"", ""sample_title"": ""涉县物业项目经理""}"
role:role-淮安项目经理,淮安项目经理,job,role-淮安项目经理,1,2026-07,2026-07,"{""category"": ""product_operation"", ""sample_title"": ""淮安项目经理""}"
role:role-渠道业务员,渠道业务员,job,role-渠道业务员,1,2026-07,2026-07,"{""category"": ""design"", ""sample_title"": ""渠道业务员""}"
role:role-游戏3d模型,游戏3d模型,job,role-游戏3d模型,1,2026-07,2026-07,"{""category"": ""ai_algorithm"", ""sample_title"": ""游戏3d模型""}"
role:role-游戏引擎,游戏引擎,job,role-游戏引擎,1,2026-06,2026-06,"{""category"": ""ai_algorithm"", ""sample_title"": ""游戏引擎专家""}"
role:role-游戏玩法开发,游戏玩法开发,job,role-游戏玩法开发,1,2026-07,2026-07,"{""category"": ""ai_algorithm"", ""sample_title"": ""游戏玩法开发专家""}"
role:role-火电工程部-自动化实施工程师,火电工程部-自动化实施工程师,job,role-火电工程部-自动化实施工程师,1,2026-07,2026-07,"{""category"": ""design"", ""sample_title"": ""火电工程部-自动化实施工程师""}"
role:role-炉窑项目经理,炉窑项目经理,job,role-炉窑项目经理,1,2026-07,2026-07,"{""category"": ""product_operation"", ""sample_title"": ""炉窑项目经理""}"
role:role-烘培类项目经理,烘培类项目经理,job,role-烘培类项目经理,1,2026-07,2026-07,"{""category"": ""product_operation"", ""sample_title"": ""烘培类项目经理""}"
role:role-烟气治理项目经理,烟气治理项目经理,job,role-烟气治理项目经理,1,2026-07,2026-07,"{""category"": ""product_operation"", ""sample_title"": ""烟气治理项目经理""}"
role:role-片区负责人,片区负责人,job,role-片区负责人,1,2026-07,2026-07,"{""category"": ""design"", ""sample_title"": ""片区负责人""}"
role:role-物业公建项目经理,物业公建项目经理,job,role-物业公建项目经理,1,2026-06,2026-06,"{""category"": ""product_operation"", ""sample_title"": ""物业公建项目经理""}"
role:role-物业片区负责人,物业片区负责人,job,role-物业片区负责人,1,2026-07,2026-07,"{""category"": ""design"", ""sample_title"": ""物业片区负责人（多项目管理）""}"
role:role-物业项目经理丹东,物业项目经理丹东,job,role-物业项目经理丹东,1,2026-07,2026-07,"{""category"": ""product_operation"", ""sample_title"": ""物业项目经理丹东""}"
role:role-物业项目经理盱眙,物业项目经理盱眙,job,role-物业项目经理盱眙,1,2026-07,2026-07,"{""category"": ""product_operation"", ""sample_title"": ""物业项目经理盱眙""}"
role:role-物业餐饮项目经理,物业餐饮项目经理,job,role-物业餐饮项目经理,1,2026-07,2026-07,"{""category"": ""product_operation"", ""sample_title"": ""物业餐饮项目经理""}"
role:role-物料品质控制助理,物料品质控制助理,job,role-物料品质控制助理,1,2026-06,2026-06,"{""category"": ""testing_quality"", ""sample_title"": ""物料品质控制助理""}"
role:role-物流项目经理,物流项目经理,job,role-物流项目经理,1,2026-07,2026-07,"{""category"": ""product_operation"", ""sample_title"": ""物流项目经理""}"
role:role-环保经理,环保经理,job,role-环保经理,1,2026-07,2026-07,"{""category"": ""cloud_infra"", ""sample_title"": ""环保经理""}"
role:role-环卫项目经理,环卫项目经理,job,role-环卫项目经理,1,2026-07,2026-07,"{""category"": ""product_operation"", ""sample_title"": ""环卫项目经理""}"
role:role-环境事业部销售代表,环境事业部销售代表,job,role-环境事业部销售代表,1,2026-07,2026-07,"{""category"": ""testing_quality"", ""sample_title"": ""环境事业部销售代表""}"
role:role-环境评价,环境评价,job,role-环境评价,1,2026-07,2026-07,"{""category"": ""design"", ""sample_title"": ""环境评价""}"
role:role-环评工程师,环评工程师,job,role-环评工程师,1,2026-07,2026-07,"{""category"": ""design"", ""sample_title"": ""环评工程师""}"
role:role-现场监理员,现场监理员,job,role-现场监理员,1,2026-07,2026-07,"{""category"": ""design"", ""sample_title"": ""现场监理员""}"
role:role-理化计量工程师,理化计量工程师,job,role-理化计量工程师,1,2026-07,2026-07,"{""category"": ""testing_quality"", ""sample_title"": ""理化计量工程师""}"
role:role-生-应届毕业生-北京,生/应届毕业生-北京,job,role-生-应届毕业生-北京,1,2026-07,2026-07,"{""category"": ""design"", ""sample_title"": ""实习生/应届毕业生-北京""}"
role:role-生产项目经理,生产项目经理,job,role-生产项目经理,1,2026-07,2026-07,"{""category"": ""product_operation"", ""sample_title"": ""生产项目经理""}"
role:role-生产领班组长,生产领班组长,job,role-生产领班组长,1,2026-07,2026-07,"{""category"": ""product_operation"", ""sample_title"": ""生产领班组长""}"
role:role-电力工程项目经理,电力工程项目经理,job,role-电力工程项目经理,1,2026-07,2026-07,"{""category"": ""product_operation"", ""sample_title"": ""电力工程项目经理""}"
role:role-电力技术支持沧州,电力技术支持沧州,job,role-电力技术支持沧州,1,2026-07,2026-07,"{""category"": ""design"", ""sample_title"": ""电力技术支持沧州""}"
role:role-电商客服,电商客服,job,role-电商客服,1,2026-07,2026-07,"{""category"": ""design"", ""sample_title"": ""电商客服""}"
role:role-电商数据分析,电商数据分析,job,role-电商数据分析,1,2026-07,2026-07,"{""category"": ""data_engineering"", ""sample_title"": ""电商数据分析（长期三方）""}"
role:role-电控维修调试项目经理,电控维修调试项目经理,job,role-电控维修调试项目经理,1,2026-07,2026-07,"{""category"": ""product_operation"", ""sample_title"": ""电控维修调试项目经理""}"
role:role-电梯项目经理,电梯项目经理,job,role-电梯项目经理,1,2026-07,2026-07,"{""category"": ""product_operation"", ""sample_title"": ""电梯项目经理""}"
role:role-电气专业校审-北京,电气专业校审-北京,job,role-电气专业校审-北京,1,2026-07,2026-07,"{""category"": ""design"", ""sample_title"": ""电气专业校审-北京""}"
role:role-电气专业负责人-北京,电气专业负责人-北京,job,role-电气专业负责人-北京,1,2026-07,2026-07,"{""category"": ""design"", ""sample_title"": ""电气专业负责人-北京""}"
role:role-电气专业负责人02-北京,电气专业负责人02-北京,job,role-电气专业负责人02-北京,1,2026-07,2026-07,"{""category"": ""design"", ""sample_title"": ""电气专业负责人02-北京""}"
role:role-电气工程师-北京,电气工程师-北京,job,role-电气工程师-北京,1,2026-07,2026-07,"{""category"": ""design"", ""sample_title"": ""电气工程师-北京""}"
role:role-电气工程师-某援助项目-北京,电气工程师-某援助项目-北京,job,role-电气工程师-某援助项目-北京,1,2026-07,2026-07,"{""category"": ""design"", ""sample_title"": ""电气工程师（注册监理）-某援助项目-北京""}"
role:role-电池电源硬件研发工程师,电池电源硬件研发工程师,job,role-电池电源硬件研发工程师,1,2026-06,2026-06,"{""category"": ""testing_quality"", ""sample_title"": ""电池电源硬件研发工程师""}"
role:role-电视包装师,电视包装师,job,role-电视包装师,1,2026-07,2026-07,"{""category"": ""design"", ""sample_title"": ""电视包装师""}"
role:role-电话商务拓展专员,电话商务拓展专员,job,role-电话商务拓展专员,1,2026-06,2026-06,"{""category"": ""product_operation"", ""sample_title"": ""电话商务拓展专员""}"
role:role-电话营销,电话营销,job,role-电话营销,1,2026-07,2026-07,"{""category"": ""design"", ""sample_title"": ""电话营销""}"
role:role-电销主管,电销主管,job,role-电销主管,1,2026-07,2026-07,"{""category"": ""data_engineering"", ""sample_title"": ""电销主管""}"
role:role-留学项目经理,留学项目经理,job,role-留学项目经理,1,2026-07,2026-07,"{""category"": ""product_operation"", ""sample_title"": ""留学项目经理""}"
role:role-监察经理,监察经理,job,role-监察经理,1,2026-07,2026-07,"{""category"": ""design"", ""sample_title"": ""监察经理""}"
role:role-知识产权项目经理,知识产权项目经理,job,role-知识产权项目经理,1,2026-07,2026-07,"{""category"": ""product_operation"", ""sample_title"": ""知识产权项目经理""}"
role:role-矿产项目经理,矿产项目经理,job,role-矿产项目经理,1,2026-07,2026-07,"{""category"": ""product_operation"", ""sample_title"": ""矿产项目经理""}"
role:role-研发合成项目经理,研发合成项目经理,job,role-研发合成项目经理,1,2026-07,2026-07,"{""category"": ""product_operation"", ""sample_title"": ""研发合成项目经理""}"
role:role-研发员,研发员,job,role-研发员,1,2026-07,2026-07,"{""category"": ""product_operation"", ""sample_title"": ""研发员""}"
role:role-研发技术员,研发技术员,job,role-研发技术员,1,2026-07,2026-07,"{""category"": ""design"", ""sample_title"": ""研发技术员""}"
role:role-研发项目经理,研发项目经理,job,role-研发项目经理,1,2026-07,2026-07,"{""category"": ""product_operation"", ""sample_title"": ""研发项目经理""}"
role:role-硬件维护工程师,硬件维护工程师,job,role-硬件维护工程师,1,2026-07,2026-07,"{""category"": ""testing_quality"", ""sample_title"": ""硬件维护工程师""}"
role:role-硬件项目经理pdt,硬件项目经理PDT,job,role-硬件项目经理pdt,1,2026-07,2026-07,"{""category"": ""product_operation"", ""sample_title"": ""硬件项目经理PDT""}"
role:role-硬装方案助理,硬装方案助理,job,role-硬装方案助理,1,2026-07,2026-07,"{""category"": ""design"", ""sample_title"": ""硬装方案助理""}"
role:role-磁电盘制造技术工程师,磁电盘制造技术工程师,job,role-磁电盘制造技术工程师,1,2026-06,2026-06,"{""category"": ""ai_algorithm"", ""sample_title"": ""磁电盘制造技术工程师""}"
role:role-社媒洞察数据分析师-业务顾问,社媒洞察数据分析师/业务顾问,job,role-社媒洞察数据分析师-业务顾问,1,2026-07,2026-07,"{""category"": ""data_engineering"", ""sample_title"": ""社媒洞察高级数据分析师/业务顾问""}"
role:role-种植技术员,种植技术员,job,role-种植技术员,1,2026-07,2026-07,"{""category"": ""product_operation"", ""sample_title"": ""种植技术员""}"
role:role-科技项目经理,科技项目经理,job,role-科技项目经理,1,2026-07,2026-07,"{""category"": ""product_operation"", ""sample_title"": ""科技项目经理""}"
role:role-科物业项目经理,科物业项目经理,job,role-科物业项目经理,1,2026-07,2026-07,"{""category"": ""product_operation"", ""sample_title"": ""科物业项目经理""}"
role:role-租赁项目经理,租赁项目经理,job,role-租赁项目经理,1,2026-07,2026-07,"{""category"": ""product_operation"", ""sample_title"": ""租赁项目经理""}"
role:role-程序员,程序员,job,role-程序员,1,2026-07,2026-07,"{""category"": ""testing_quality"", ""sample_title"": ""程序员""}"
role:role-精密制造esd工程师,精密制造ESD工程师,job,role-精密制造esd工程师,1,2026-07,2026-07,"{""category"": ""ai_algorithm"", ""sample_title"": ""精密制造ESD工程师""}"
role:role-精密制造技术工程师,精密制造技术工程师,job,role-精密制造技术工程师,1,2026-06,2026-06,"{""category"": ""testing_quality"", ""sample_title"": ""精密制造技术工程师 （Maca）""}"
role:role-精密机加工艺技术工程师,精密机加工艺技术工程师,job,role-精密机加工艺技术工程师,1,2026-06,2026-06,"{""category"": ""testing_quality"", ""sample_title"": ""精密机加工艺技术工程师""}"
role:role-精装专业工程师-北京,精装专业工程师-北京,job,role-精装专业工程师-北京,1,2026-07,2026-07,"{""category"": ""design"", ""sample_title"": ""精装专业工程师-北京""}"
role:role-精装修项目经理,精装修项目经理,job,role-精装修项目经理,1,2026-07,2026-07,"{""category"": ""product_operation"", ""sample_title"": ""精装修项目经理""}"
role:role-系统工程师,系统工程师,job,role-系统工程师,1,2026-06,2026-06,"{""category"": ""data_engineering"", ""sample_title"": ""系统工程师""}"
role:role-系统集成项目经理太原,系统集成项目经理太原,job,role-系统集成项目经理太原,1,2026-07,2026-07,"{""category"": ""product_operation"", ""sample_title"": ""系统集成项目经理太原""}"
role:role-级家装咨询顾问,级家装咨询顾问,job,role-级家装咨询顾问,1,2026-07,2026-07,"{""category"": ""design"", ""sample_title"": ""级家装咨询顾问""}"
role:role-组织文化,组织文化,job,role-组织文化,1,2026-06,2026-06,"{""category"": ""design"", ""sample_title"": ""组织文化专家""}"
role:role-结构工程师-北京,结构工程师-北京,job,role-结构工程师-北京,1,2026-07,2026-07,"{""category"": ""design"", ""sample_title"": ""结构工程师-北京""}"
role:role-结构工程师02-北京,结构工程师02-北京,job,role-结构工程师02-北京,1,2026-07,2026-07,"{""category"": ""design"", ""sample_title"": ""结构工程师02-北京""}"
role:role-给排水bim工程师,给排水BIM工程师,job,role-给排水bim工程师,1,2026-07,2026-07,"{""category"": ""data_engineering"", ""sample_title"": ""给排水BIM工程师""}"
role:role-给排水专业负责人-北京,给排水专业负责人-北京,job,role-给排水专业负责人-北京,1,2026-07,2026-07,"{""category"": ""design"", ""sample_title"": ""给排水专业负责人-北京""}"
role:role-统计,统计,job,role-统计,1,2026-07,2026-07,"{""category"": ""product_operation"", ""sample_title"": ""统计""}"
role:role-编辑部主任,编辑部主任,job,role-编辑部主任,1,2026-07,2026-07,"{""category"": ""design"", ""sample_title"": ""编辑部主任""}"
role:role-网络化工程师,网络化工程师,job,role-网络化工程师,1,2026-07,2026-07,"{""category"": ""design"", ""sample_title"": ""网络化工程师""}"
role:role-网络科学家,网络科学家,job,role-网络科学家,1,2026-04,2026-04,"{""category"": ""product_operation"", ""sample_title"": ""网络资深科学家""}"
role:role-网项目经理-助理-可居家办公,网项目经理/助理——可居家办公,job,role-网项目经理-助理-可居家办公,1,2026-07,2026-07,"{""category"": ""product_operation"", ""sample_title"": ""专家网项目经理/助理——可居家办公""}"
role:role-美团外卖-大客户销售,美团外卖-大客户销售,job,role-美团外卖-大客户销售,1,2026-02,2026-02,"{""category"": ""design"", ""sample_title"": ""美团外卖-大客户销售""}"
role:role-美团外卖-电销专员-一区,美团外卖-电销专员-一区,job,role-美团外卖-电销专员-一区,1,2026-06,2026-06,"{""category"": ""product_operation"", ""sample_title"": ""美团外卖-电销专员(AI)-一区""}"
role:role-美团快驴k项目-急聘江西省bd,美团快驴K项目--急聘江西省BD,job,role-美团快驴k项目-急聘江西省bd,1,2026-03,2026-03,"{""category"": ""product_operation"", ""sample_title"": ""美团快驴K项目--急聘江西省BD""}"
role:role-美团快驴事业部-bdm,美团快驴事业部-BDM,job,role-美团快驴事业部-bdm,1,2026-04,2026-04,"{""category"": ""data_engineering"", ""sample_title"": ""美团快驴事业部-BDM""}"
role:role-美团酒店saas电话销售,美团酒店SaaS电话销售,job,role-美团酒店saas电话销售,1,2026-06,2026-06,"{""category"": ""product_operation"", ""sample_title"": ""美团酒店SaaS电话销售""}"
role:role-美团骑行-政企大客户,美团骑行-政企大客户,job,role-美团骑行-政企大客户,1,2026-07,2026-07,"{""category"": ""product_operation"", ""sample_title"": ""美团骑行-政企大客户专家（重庆/贵阳）""}"
role:role-美容行业大客户经理,美容行业大客户经理,job,role-美容行业大客户经理,1,2026-04,2026-04,"{""category"": ""product_operation"", ""sample_title"": ""美容行业大客户经理""}"
role:role-美的中央空调项目经理,美的中央空调项目经理,job,role-美的中央空调项目经理,1,2026-07,2026-07,"{""category"": ""product_operation"", ""sample_title"": ""美的中央空调项目经理""}"
role:role-能工,能工,job,role-能工,1,2026-07,2026-07,"{""category"": ""design"", ""sample_title"": ""能工""}"
role:role-腾讯云-上海泛企业销售经理-公有云,腾讯云-上海泛企业销售经理-公有云,job,role-腾讯云-上海泛企业销售经理-公有云,1,2026-06,2026-06,"{""category"": ""ai_algorithm"", ""sample_title"": ""腾讯云-上海泛企业销售经理-公有云""}"
role:role-腾讯云-东北销售经理-公有云,腾讯云-东北销售经理-公有云,job,role-腾讯云-东北销售经理-公有云,1,2026-07,2026-07,"{""category"": ""ai_algorithm"", ""sample_title"": ""腾讯云-东北销售经理-公有云""}"
role:role-腾讯云-医疗行业ka销售,腾讯云-医疗行业KA销售,job,role-腾讯云-医疗行业ka销售,1,2026-07,2026-07,"{""category"": ""cloud_infra"", ""sample_title"": ""腾讯云-医疗行业KA销售(北京)""}"
role:role-腾讯云-华东渠道销售,腾讯云-华东渠道销售,job,role-腾讯云-华东渠道销售,1,2026-07,2026-07,"{""category"": ""product_operation"", ""sample_title"": ""腾讯云-华东渠道销售""}"
role:role-腾讯云-华北泛企业销售经理-公有云,腾讯云-华北泛企业销售经理-公有云,job,role-腾讯云-华北泛企业销售经理-公有云,1,2026-07,2026-07,"{""category"": ""ai_algorithm"", ""sample_title"": ""腾讯云-华北泛企业销售经理-公有云""}"
role:role-腾讯云-华北渠道销售经理,腾讯云-华北渠道销售经理,job,role-腾讯云-华北渠道销售经理,1,2026-06,2026-06,"{""category"": ""cloud_infra"", ""sample_title"": ""腾讯云-华北渠道销售经理（天津/东北/山东）""}"
role:role-腾讯云-南区渠道经理,腾讯云-南区渠道经理,job,role-腾讯云-南区渠道经理,1,2026-07,2026-07,"{""category"": ""product_operation"", ""sample_title"": ""腾讯云-南区渠道经理""}"
role:role-腾讯云-文化传媒行业销售,腾讯云-文化传媒行业销售,job,role-腾讯云-文化传媒行业销售,1,2026-04,2026-04,"{""category"": ""data_engineering"", ""sample_title"": ""腾讯云-文化传媒行业销售""}"
role:role-腾讯云-泛互联网销售-出海方向,腾讯云-泛互联网销售-出海方向,job,role-腾讯云-泛互联网销售-出海方向,1,2026-06,2026-06,"{""category"": ""cloud_infra"", ""sample_title"": ""腾讯云-泛互联网销售-出海方向""}"
role:role-腾讯云-海外算力采购商务经理,腾讯云-海外算力采购商务经理,job,role-腾讯云-海外算力采购商务经理,1,2026-07,2026-07,"{""category"": ""ai_algorithm"", ""sample_title"": ""腾讯云-海外算力采购商务经理""}"
role:role-腾讯云-消费电子行业大客户销售经理,腾讯云-消费电子行业大客户销售经理,job,role-腾讯云-消费电子行业大客户销售经理,1,2026-07,2026-07,"{""category"": ""ai_algorithm"", ""sample_title"": ""腾讯云-消费电子行业大客户销售经理""}"
role:role-腾讯云-深圳泛政销售经理-政企联动,腾讯云-深圳泛政销售经理-政企联动,job,role-腾讯云-深圳泛政销售经理-政企联动,1,2026-07,2026-07,"{""category"": ""ai_algorithm"", ""sample_title"": ""腾讯云-深圳泛政销售经理-政企联动""}"
role:role-腾讯云-福建泛企业销售经理-公有云,腾讯云-福建泛企业销售经理-公有云,job,role-腾讯云-福建泛企业销售经理-公有云,1,2026-05,2026-05,"{""category"": ""ai_algorithm"", ""sample_title"": ""腾讯云-福建泛企业销售经理-公有云""}"
role:role-腾讯云csig-政务政法行业ka销售,腾讯云CSIG-政务政法行业KA销售,job,role-腾讯云csig-政务政法行业ka销售,1,2026-07,2026-07,"{""category"": ""data_engineering"", ""sample_title"": ""腾讯云CSIG-政务政法行业KA销售""}"
role:role-腾讯云银行业ka销售,腾讯云银行业KA销售,job,role-腾讯云银行业ka销售,1,2026-07,2026-07,"{""category"": ""cloud_infra"", ""sample_title"": ""腾讯云银行业KA销售""}"
role:role-腾讯会议-音频声学工程师,腾讯会议-音频声学工程师,job,role-腾讯会议-音频声学工程师,1,2026-06,2026-06,"{""category"": ""ai_algorithm"", ""sample_title"": ""腾讯会议-音频声学工程师""}"
role:role-腾讯商业分析经理-医疗行业,腾讯商业分析经理-医疗行业,job,role-腾讯商业分析经理-医疗行业,1,2026-07,2026-07,"{""category"": ""data_engineering"", ""sample_title"": ""腾讯商业分析经理-医疗行业""}"
role:role-腾讯战略发展部-商业分析师-ai方向,腾讯战略发展部-商业分析师-AI方向,job,role-腾讯战略发展部-商业分析师-ai方向,1,2026-06,2026-06,"{""category"": ""product_operation"", ""sample_title"": ""腾讯战略发展部-高级商业分析师-AI方向""}"
role:role-腾讯战略发展部-商业分析师-半导体-供应链方向,腾讯战略发展部-商业分析师-半导体/供应链方向,job,role-腾讯战略发展部-商业分析师-半导体-供应链方向,1,2026-05,2026-05,"{""category"": ""product_operation"", ""sample_title"": ""腾讯战略发展部-高级商业分析师-半导体/供应链方向""}"
role:role-腾讯战略发展部-商业分析经理-ai效率工具方向,腾讯战略发展部-商业分析经理-AI效率工具方向,job,role-腾讯战略发展部-商业分析经理-ai效率工具方向,1,2026-06,2026-06,"{""category"": ""product_operation"", ""sample_title"": ""腾讯战略发展部-商业分析经理-AI效率工具方向(北京/深圳)""}"
role:role-腾讯投资-fund-investment-associate-associate-director,腾讯投资-Fund Investment Associate / Associate Director,job,role-腾讯投资-fund-investment-associate-associate-director,1,2026-05,2026-05,"{""category"": ""data_engineering"", ""sample_title"": ""腾讯投资-Fund Investment Associate / Associate Director""}"
role:role-腾讯投资-投资分析师-ai方向,腾讯投资-投资分析师-AI方向,job,role-腾讯投资-投资分析师-ai方向,1,2026-06,2026-06,"{""category"": ""ai_algorithm"", ""sample_title"": ""腾讯投资-高级投资分析师-AI（一级市场）方向（北京/上海）""}"
role:role-腾讯投资-投资经理-投资经理-半导体,腾讯投资-投资经理/投资经理-半导体,job,role-腾讯投资-投资经理-投资经理-半导体,1,2026-06,2026-06,"{""category"": ""product_operation"", ""sample_title"": ""腾讯投资-投资经理/高级投资经理-半导体""}"
role:role-腾讯投资者关系部-corporate-access-coordinator,腾讯投资者关系部- Corporate Access Coordinator,job,role-腾讯投资者关系部-corporate-access-coordinator,1,2026-06,2026-06,"{""category"": ""other"", ""sample_title"": ""腾讯投资者关系部-Senior Corporate Access Coordinator""}"
role:role-腾讯游戏-商业分析师,腾讯游戏-商业分析师,job,role-腾讯游戏-商业分析师,1,2026-07,2026-07,"{""category"": ""product_operation"", ""sample_title"": ""腾讯游戏-商业分析师""}"
role:role-腾讯游戏-游戏引擎开发工程师-ai渲染,腾讯游戏-游戏引擎开发工程师-AI渲染,job,role-腾讯游戏-游戏引擎开发工程师-ai渲染,1,2026-06,2026-06,"{""category"": ""ai_algorithm"", ""sample_title"": ""腾讯游戏-游戏引擎开发资深工程师-AI渲染""}"
role:role-腾讯游戏-编译器工程师-ai方向,腾讯游戏-编译器工程师-AI方向,job,role-腾讯游戏-编译器工程师-ai方向,1,2026-07,2026-07,"{""category"": ""product_operation"", ""sample_title"": ""腾讯游戏-编译器工程师-AI方向""}"
role:role-腾讯电竞-电竞战略规划项目经理-国际方向,腾讯电竞-电竞战略规划项目经理-国际方向,job,role-腾讯电竞-电竞战略规划项目经理-国际方向,1,2026-06,2026-06,"{""category"": ""testing_quality"", ""sample_title"": ""腾讯电竞-电竞战略规划项目经理-国际方向""}"
role:role-腾讯营销-公关经理,腾讯营销-公关经理,job,role-腾讯营销-公关经理,1,2026-05,2026-05,"{""category"": ""product_operation"", ""sample_title"": ""腾讯营销-公关经理""}"
role:role-腾讯视频-ai短剧创作人,腾讯视频-AI短剧创作人,job,role-腾讯视频-ai短剧创作人,1,2026-06,2026-06,"{""category"": ""ai_algorithm"", ""sample_title"": ""腾讯视频-AI短剧创作人""}"
role:role-自动驾驶数据闭环工程师,自动驾驶数据闭环工程师,job,role-自动驾驶数据闭环工程师,1,2026-06,2026-06,"{""category"": ""ai_algorithm"", ""sample_title"": ""自动驾驶数据闭环工程师""}"
role:role-自有品牌品质管理,自有品牌品质管理,job,role-自有品牌品质管理,1,2026-02,2026-02,"{""category"": ""testing_quality"", ""sample_title"": ""自有品牌品质管理""}"
role:role-自营蔬菜城市群负责人,自营蔬菜城市群负责人,job,role-自营蔬菜城市群负责人,1,2026-06,2026-06,"{""category"": ""product_operation"", ""sample_title"": ""自营蔬菜城市群负责人""}"
role:role-航测项目经理,航测项目经理,job,role-航测项目经理,1,2026-07,2026-07,"{""category"": ""product_operation"", ""sample_title"": ""航测项目经理""}"
role:role-芯片架构师,芯片架构师,job,role-芯片架构师,1,2026-06,2026-06,"{""category"": ""design"", ""sample_title"": ""芯片架构师(北京/深圳)""}"
role:role-英利浦销售代表,英利浦销售代表,job,role-英利浦销售代表,1,2026-07,2026-07,"{""category"": ""design"", ""sample_title"": ""英利浦销售代表""}"
role:role-英语翻译,英语翻译,job,role-英语翻译,1,2026-07,2026-07,"{""category"": ""design"", ""sample_title"": ""英语翻译""}"
role:role-茶艺师,茶艺师,job,role-茶艺师,1,2026-07,2026-07,"{""category"": ""design"", ""sample_title"": ""茶艺师""}"
role:role-药品研发项目经理,药品研发项目经理,job,role-药品研发项目经理,1,2026-07,2026-07,"{""category"": ""product_operation"", ""sample_title"": ""药品研发项目经理""}"
role:role-营销数字化项目经理,营销数字化项目经理,job,role-营销数字化项目经理,1,2026-07,2026-07,"{""category"": ""product_operation"", ""sample_title"": ""营销数字化项目经理(J26092)""}"
role:role-蔬菜产地品控,蔬菜产地品控,job,role-蔬菜产地品控,1,2026-03,2026-03,"{""category"": ""testing_quality"", ""sample_title"": ""蔬菜产地品控""}"
role:role-行政-前台,行政 前台,job,role-行政-前台,1,2026-07,2026-07,"{""category"": ""design"", ""sample_title"": ""行政 前台""}"
role:role-行政-外联,行政 外联,job,role-行政-外联,1,2026-07,2026-07,"{""category"": ""design"", ""sample_title"": ""行政 外联""}"
role:role-行政专员,行政专员,job,role-行政专员,1,2026-07,2026-07,"{""category"": ""design"", ""sample_title"": ""行政专员""}"
role:role-行政人事,行政人事,job,role-行政人事,1,2026-07,2026-07,"{""category"": ""cloud_infra"", ""sample_title"": ""行政人事""}"
role:role-行政人事经理主管,行政人事经理主管,job,role-行政人事经理主管,1,2026-07,2026-07,"{""category"": ""design"", ""sample_title"": ""行政人事经理主管""}"
role:role-装修项目经理,装修项目经理,job,role-装修项目经理,1,2026-07,2026-07,"{""category"": ""product_operation"", ""sample_title"": ""装修项目经理""}"
role:role-装饰装修预算员,装饰装修预算员,job,role-装饰装修预算员,1,2026-07,2026-07,"{""category"": ""design"", ""sample_title"": ""装饰装修预算员""}"
role:role-西安区域销售经理,西安区域销售经理,job,role-西安区域销售经理,1,2026-07,2026-07,"{""category"": ""testing_quality"", ""sample_title"": ""西安区域销售经理""}"
role:role-西部鲜肉自营采购-水产,西部鲜肉自营采购-水产,job,role-西部鲜肉自营采购-水产,1,2026-06,2026-06,"{""category"": ""product_operation"", ""sample_title"": ""西部鲜肉自营采购-水产""}"
role:role-视频会议项目经理,视频会议项目经理,job,role-视频会议项目经理,1,2026-07,2026-07,"{""category"": ""product_operation"", ""sample_title"": ""视频会议项目经理""}"
role:role-视频技术,视频技术,job,role-视频技术,1,2026-04,2026-04,"{""category"": ""product_operation"", ""sample_title"": ""视频技术高级专家""}"
role:role-解决方案,解决方案,job,role-解决方案,1,2026-02,2026-02,"{""category"": ""product_operation"", ""sample_title"": ""解决方案专家""}"
role:role-计算,计算,job,role-计算,1,2026-06,2026-06,"{""category"": ""product_operation"", ""sample_title"": ""计算高级专家""}"
role:role-计算技术,计算技术,job,role-计算技术,1,2026-04,2026-04,"{""category"": ""product_operation"", ""sample_title"": ""计算技术专家""}"
role:role-计算系统首席科学家,计算系统首席科学家,job,role-计算系统首席科学家,1,2026-07,2026-07,"{""category"": ""data_engineering"", ""sample_title"": ""计算系统首席科学家""}"
role:role-订单专员,订单专员,job,role-订单专员,1,2026-07,2026-07,"{""category"": ""testing_quality"", ""sample_title"": ""订单专员""}"
role:role-设备技术人员,设备技术人员,job,role-设备技术人员,1,2026-07,2026-07,"{""category"": ""design"", ""sample_title"": ""设备技术人员""}"
role:role-试验室主任,试验室主任,job,role-试验室主任,1,2026-07,2026-07,"{""category"": ""design"", ""sample_title"": ""试验室主任""}"
role:role-请城市经理,请城市经理,job,role-请城市经理,1,2026-07,2026-07,"{""category"": ""product_operation"", ""sample_title"": ""请城市经理""}"
role:role-调机员,调机员,job,role-调机员,1,2026-07,2026-07,"{""category"": ""cloud_infra"", ""sample_title"": ""调机员""}"
role:role-财务,财务,job,role-财务,1,2026-07,2026-07,"{""category"": ""product_operation"", ""sample_title"": ""财务""}"
role:role-财务人员,财务人员,job,role-财务人员,1,2026-07,2026-07,"{""category"": ""design"", ""sample_title"": ""财务人员""}"
role:role-货物运输技术支持,货物运输技术支持,job,role-货物运输技术支持,1,2026-07,2026-07,"{""category"": ""testing_quality"", ""sample_title"": ""货物运输技术支持""}"
role:role-资产评估项目经理,资产评估项目经理,job,role-资产评估项目经理,1,2026-07,2026-07,"{""category"": ""product_operation"", ""sample_title"": ""资产评估项目经理""}"
role:role-赤峰消防工程项目经理,赤峰消防工程项目经理,job,role-赤峰消防工程项目经理,1,2026-07,2026-07,"{""category"": ""product_operation"", ""sample_title"": ""赤峰消防工程项目经理""}"
role:role-跑鞋创新项目经理,跑鞋创新项目经理,job,role-跑鞋创新项目经理,1,2026-07,2026-07,"{""category"": ""product_operation"", ""sample_title"": ""跑鞋创新项目经理""}"
role:role-车库安装项目经理,车库安装项目经理,job,role-车库安装项目经理,1,2026-07,2026-07,"{""category"": ""product_operation"", ""sample_title"": ""车库安装项目经理""}"
role:role-车载信息娱乐-tbox-功能开发工程师,车载信息娱乐/TBox 功能开发工程师,job,role-车载信息娱乐-tbox-功能开发工程师,1,2026-07,2026-07,"{""category"": ""design"", ""sample_title"": ""车载信息娱乐/TBox 功能开发工程师(J11755)""}"
role:role-车间主任,车间主任,job,role-车间主任,1,2026-07,2026-07,"{""category"": ""product_operation"", ""sample_title"": ""车间主任""}"
role:role-车间普工,车间普工,job,role-车间普工,1,2026-07,2026-07,"{""category"": ""ai_algorithm"", ""sample_title"": ""车间普工""}"
role:role-软件,软件,job,role-软件,1,2026-04,2026-04,"{""category"": ""product_operation"", ""sample_title"": ""软件专家""}"
role:role-软件工程师,软件工程师,job,role-软件工程师,1,2026-07,2026-07,"{""category"": ""design"", ""sample_title"": ""软件工程师""}"
role:role-软件工程师erp开发,软件工程师ERP开发,job,role-软件工程师erp开发,1,2026-07,2026-07,"{""category"": ""design"", ""sample_title"": ""软件工程师ERP开发""}"
role:role-软件项目经理,软件项目经理,job,role-软件项目经理,1,2026-07,2026-07,"{""category"": ""product_operation"", ""sample_title"": ""软件项目经理""}"
role:role-软硬件及无人机内控-内控,软硬件及无人机内控-内控,job,role-软硬件及无人机内控-内控,1,2026-04,2026-04,"{""category"": ""data_engineering"", ""sample_title"": ""软硬件及无人机内控-内控专家""}"
role:role-软硬协同技术,软硬协同技术,job,role-软硬协同技术,1,2026-04,2026-04,"{""category"": ""product_operation"", ""sample_title"": ""软硬协同技术专家""}"
role:role-辛集市医疗项目经理,辛集市医疗项目经理,job,role-辛集市医疗项目经理,1,2026-07,2026-07,"{""category"": ""product_operation"", ""sample_title"": ""辛集市医疗项目经理""}"
role:role-边缘缓存引擎开发工程师,边缘缓存引擎开发工程师,job,role-边缘缓存引擎开发工程师,1,2026-06,2026-06,"{""category"": ""ai_algorithm"", ""sample_title"": ""边缘缓存引擎开发工程师""}"
role:role-辽阳项目经理,辽阳项目经理,job,role-辽阳项目经理,1,2026-07,2026-07,"{""category"": ""product_operation"", ""sample_title"": ""辽阳项目经理""}"
role:role-远程技术工程师,远程技术工程师,job,role-远程技术工程师,1,2026-07,2026-07,"{""category"": ""product_operation"", ""sample_title"": ""远程技术工程师""}"
role:role-连分总监理工程师,连分总监理工程师,job,role-连分总监理工程师,1,2026-07,2026-07,"{""category"": ""design"", ""sample_title"": ""连分总监理工程师""}"
role:role-连锁酒店ka大客户经理,连锁酒店KA大客户经理,job,role-连锁酒店ka大客户经理,1,2025-12,2025-12,"{""category"": ""design"", ""sample_title"": ""连锁酒店KA大客户经理""}"
role:role-连鹏辉物业项目经理,连鹏辉物业项目经理,job,role-连鹏辉物业项目经理,1,2026-07,2026-07,"{""category"": ""product_operation"", ""sample_title"": ""连鹏辉物业项目经理""}"
role:role-通信项目经理,通信项目经理,job,role-通信项目经理,1,2026-07,2026-07,"{""category"": ""product_operation"", ""sample_title"": ""通信项目经理""}"
role:role-通用saas渠道经理,通用SaaS渠道经理,job,role-通用saas渠道经理,1,2026-06,2026-06,"{""category"": ""product_operation"", ""sample_title"": ""通用SaaS渠道经理""}"
role:role-通辽消防工程项目经理,通辽消防工程项目经理,job,role-通辽消防工程项目经理,1,2026-07,2026-07,"{""category"": ""product_operation"", ""sample_title"": ""通辽消防工程项目经理""}"
role:role-造价工程师-北京,造价工程师 -北京,job,role-造价工程师-北京,1,2026-07,2026-07,"{""category"": ""design"", ""sample_title"": ""造价工程师 （土建、安装）-北京""}"
role:role-道路车辆碳管理业务员,道路车辆碳管理业务员,job,role-道路车辆碳管理业务员,1,2026-07,2026-07,"{""category"": ""testing_quality"", ""sample_title"": ""道路车辆碳管理业务员""}"
role:role-邯郸武安物业项目经理,邯郸武安物业项目经理,job,role-邯郸武安物业项目经理,1,2026-07,2026-07,"{""category"": ""product_operation"", ""sample_title"": ""邯郸武安物业项目经理""}"
role:role-酒店装修项目经理,酒店装修项目经理,job,role-酒店装修项目经理,1,2026-07,2026-07,"{""category"": ""product_operation"", ""sample_title"": ""酒店装修项目经理""}"
role:role-采样调度,采样调度,job,role-采样调度,1,2026-07,2026-07,"{""category"": ""testing_quality"", ""sample_title"": ""采样调度""}"
role:role-采购,采购,job,role-采购,1,2026-07,2026-07,"{""category"": ""design"", ""sample_title"": ""采购""}"
role:role-采购经理-北京,采购经理-北京,job,role-采购经理-北京,1,2026-07,2026-07,"{""category"": ""design"", ""sample_title"": ""采购经理-北京""}"
role:role-金服人力资源-ai组织进化伙伴,金服人力资源-AI组织进化伙伴,job,role-金服人力资源-ai组织进化伙伴,1,2026-06,2026-06,"{""category"": ""ai_algorithm"", ""sample_title"": ""金服人力资源-AI组织进化伙伴（Organization Evolution Partner）""}"
role:role-金服内控bp,金服内控BP,job,role-金服内控bp,1,2026-06,2026-06,"{""category"": ""data_engineering"", ""sample_title"": ""金服内控BP""}"
role:role-金融市场部项目经理,金融市场部项目经理,job,role-金融市场部项目经理,1,2026-07,2026-07,"{""category"": ""product_operation"", ""sample_title"": ""金融市场部项目经理""}"
role:role-金融项目经理,金融项目经理,job,role-金融项目经理,1,2026-07,2026-07,"{""category"": ""product_operation"", ""sample_title"": ""金融项目经理""}"
role:role-钢结构项目经理,钢结构项目经理,job,role-钢结构项目经理,1,2026-07,2026-07,"{""category"": ""product_operation"", ""sample_title"": ""钢结构项目经理""}"
role:role-销售一区-北京省区-酒店业务经理,销售一区-北京省区-酒店业务经理,job,role-销售一区-北京省区-酒店业务经理,1,2026-06,2026-06,"{""category"": ""product_operation"", ""sample_title"": ""销售一区-北京省区-酒店业务经理""}"
role:role-销售业务专员,销售业务专员,job,role-销售业务专员,1,2026-07,2026-07,"{""category"": ""design"", ""sample_title"": ""销售业务专员""}"
role:role-销售代表,销售代表,job,role-销售代表,1,2026-07,2026-07,"{""category"": ""design"", ""sample_title"": ""销售代表""}"
role:role-销售助理跟单,销售助理跟单,job,role-销售助理跟单,1,2026-07,2026-07,"{""category"": ""design"", ""sample_title"": ""销售助理跟单""}"
role:role-销售工程师,销售工程师,job,role-销售工程师,1,2026-07,2026-07,"{""category"": ""testing_quality"", ""sample_title"": ""销售工程师(天津)""}"
role:role-镜片-镜头制造技术开发工程师,镜片/镜头制造技术开发工程师,job,role-镜片-镜头制造技术开发工程师,1,2026-06,2026-06,"{""category"": ""product_operation"", ""sample_title"": ""镜片/镜头制造技术开发工程师""}"
role:role-门窗项目经理,门窗项目经理,job,role-门窗项目经理,1,2026-07,2026-07,"{""category"": ""product_operation"", ""sample_title"": ""门窗项目经理""}"
role:role-闪购-自有品牌品质管理,闪购-自有品牌品质管理,job,role-闪购-自有品牌品质管理,1,2026-07,2026-07,"{""category"": ""testing_quality"", ""sample_title"": ""闪购-自有品牌品质管理（非食方向）""}"
role:role-闪购歪马业务组-非商品供应计划管理,闪购歪马业务组-非商品供应计划管理,job,role-闪购歪马业务组-非商品供应计划管理,1,2026-07,2026-07,"{""category"": ""product_operation"", ""sample_title"": ""闪购歪马业务组-非商品供应计划管理""}"
role:role-防雷检测项目经理,防雷检测项目经理,job,role-防雷检测项目经理,1,2026-07,2026-07,"{""category"": ""product_operation"", ""sample_title"": ""防雷检测项目经理""}"
role:role-院校销售经理项目经理,院校销售经理项目经理,job,role-院校销售经理项目经理,1,2026-07,2026-07,"{""category"": ""product_operation"", ""sample_title"": ""院校销售经理项目经理""}"
role:role-雕刻工,雕刻工,job,role-雕刻工,1,2026-07,2026-07,"{""category"": ""design"", ""sample_title"": ""雕刻工""}"
role:role-零售财务bp,零售财务BP,job,role-零售财务bp,1,2026-07,2026-07,"{""category"": ""design"", ""sample_title"": ""零售财务BP""}"
role:role-项目管理工长,项目管理工长,job,role-项目管理工长,1,2026-07,2026-07,"{""category"": ""design"", ""sample_title"": ""项目管理工长""}"
role:role-项目管理经理,项目管理经理,job,role-项目管理经理,1,2026-07,2026-07,"{""category"": ""design"", ""sample_title"": ""项目管理经理""}"
role:role-项目经理-装饰,项目经理 装饰,job,role-项目经理-装饰,1,2026-07,2026-07,"{""category"": ""product_operation"", ""sample_title"": ""项目经理 装饰""}"
role:role-项目经理-pmo-上海,项目经理/PMO-上海,job,role-项目经理-pmo-上海,1,2026-07,2026-07,"{""category"": ""product_operation"", ""sample_title"": ""项目经理/PMO（家电/数码）-上海""}"
role:role-项目经理-主管pmo-汽车行业,项目经理/主管PMO/汽车行业,job,role-项目经理-主管pmo-汽车行业,1,2026-07,2026-07,"{""category"": ""product_operation"", ""sample_title"": ""项目经理/主管PMO/汽车行业""}"
role:role-项目经理-汽车电子行业,项目经理——汽车电子行业,job,role-项目经理-汽车电子行业,1,2026-06,2026-06,"{""category"": ""product_operation"", ""sample_title"": ""项目经理——汽车电子行业""}"
role:role-项目经理体检,项目经理体检,job,role-项目经理体检,1,2026-07,2026-07,"{""category"": ""product_operation"", ""sample_title"": ""项目经理体检""}"
role:role-项目经理和资料员,项目经理和资料员,job,role-项目经理和资料员,1,2026-07,2026-07,"{""category"": ""product_operation"", ""sample_title"": ""项目经理和资料员""}"
role:role-项目经理工程管理,项目经理工程管理,job,role-项目经理工程管理,1,2026-07,2026-07,"{""category"": ""product_operation"", ""sample_title"": ""项目经理工程管理""}"
role:role-项目经理年终,项目经理年终,job,role-项目经理年终,1,2026-07,2026-07,"{""category"": ""product_operation"", ""sample_title"": ""项目经理年终""}"
role:role-项目经理英语流利,项目经理英语流利,job,role-项目经理英语流利,1,2026-07,2026-07,"{""category"": ""product_operation"", ""sample_title"": ""项目经理（ERP方向）英语流利""}"
role:role-项目经理输变电,项目经理输变电,job,role-项目经理输变电,1,2026-07,2026-07,"{""category"": ""product_operation"", ""sample_title"": ""项目经理输变电""}"
role:role-项目经理辽阳,项目经理辽阳,job,role-项目经理辽阳,1,2026-07,2026-07,"{""category"": ""product_operation"", ""sample_title"": ""项目经理辽阳""}"
role:role-项目经理项目副经理,项目经理项目副经理,job,role-项目经理项目副经理,1,2026-07,2026-07,"{""category"": ""product_operation"", ""sample_title"": ""项目经理项目副经理""}"
role:role-项目经理项目工程师,项目经理项目工程师,job,role-项目经理项目工程师,1,2026-07,2026-07,"{""category"": ""product_operation"", ""sample_title"": ""项目经理项目工程师""}"
role:role-项目经理餐,项目经理餐,job,role-项目经理餐,1,2026-07,2026-07,"{""category"": ""product_operation"", ""sample_title"": ""项目经理餐""}"
role:role-项目负责人项目经理,项目负责人项目经理,job,role-项目负责人项目经理,1,2026-07,2026-07,"{""category"": ""product_operation"", ""sample_title"": ""项目负责人项目经理""}"
role:role-预算主管,预算主管,job,role-预算主管,1,2026-07,2026-07,"{""category"": ""design"", ""sample_title"": ""预算主管""}"
role:role-领导力发展,领导力发展,job,role-领导力发展,1,2026-06,2026-06,"{""category"": ""testing_quality"", ""sample_title"": ""领导力发展专家""}"
role:role-风电场场长薪资open,风电场场长薪资OPEN,job,role-风电场场长薪资open,1,2026-07,2026-07,"{""category"": ""product_operation"", ""sample_title"": ""风电场场长（集团公司场站项目经理）薪资OPEN""}"
role:role-风险模型开发工程师,风险模型开发工程师,job,role-风险模型开发工程师,1,2026-07,2026-07,"{""category"": ""ai_algorithm"", ""sample_title"": ""风险模型开发工程师""}"
role:role-食品三组采购,食品三组采购,job,role-食品三组采购,1,2026-05,2026-05,"{""category"": ""testing_quality"", ""sample_title"": ""食品三组采购""}"
role:role-食用菌技术员,食用菌技术员,job,role-食用菌技术员,1,2026-07,2026-07,"{""category"": ""product_operation"", ""sample_title"": ""食用菌技术员""}"
role:role-餐饮saas-大客户销售-上海,餐饮SaaS-大客户销售-上海,job,role-餐饮saas-大客户销售-上海,1,2026-06,2026-06,"{""category"": ""product_operation"", ""sample_title"": ""餐饮SaaS-大客户销售-上海""}"
role:role-餐饮saas-大客户销售-京津冀,餐饮SaaS-大客户销售-京津冀,job,role-餐饮saas-大客户销售-京津冀,1,2026-05,2026-05,"{""category"": ""product_operation"", ""sample_title"": ""餐饮SaaS-大客户销售-京津冀""}"
role:role-餐饮saas-大客户销售-广州,餐饮SaaS-大客户销售-广州,job,role-餐饮saas-大客户销售-广州,1,2026-05,2026-05,"{""category"": ""product_operation"", ""sample_title"": ""餐饮SaaS-大客户销售-广州""}"
role:role-餐饮saas-大客户销售-成都,餐饮SaaS-大客户销售-成都,job,role-餐饮saas-大客户销售-成都,1,2026-07,2026-07,"{""category"": ""product_operation"", ""sample_title"": ""餐饮SaaS-大客户销售-成都""}"
role:role-餐饮saas-大客户销售-武汉,餐饮SaaS-大客户销售-武汉,job,role-餐饮saas-大客户销售-武汉,1,2026-05,2026-05,"{""category"": ""product_operation"", ""sample_title"": ""餐饮SaaS-大客户销售-武汉""}"
role:role-餐饮saas-大客户销售-渝滇黔,餐饮SaaS-大客户销售-渝滇黔,job,role-餐饮saas-大客户销售-渝滇黔,1,2024-12,2024-12,"{""category"": ""product_operation"", ""sample_title"": ""餐饮SaaS-大客户销售-渝滇黔""}"
role:role-餐饮生态-事件营销策划经理,餐饮生态-事件营销策划经理,job,role-餐饮生态-事件营销策划经理,1,2026-04,2026-04,"{""category"": ""testing_quality"", ""sample_title"": ""餐饮生态-事件营销策划经理""}"
role:role-餐饮系统-大客户销售-郑州,餐饮系统-大客户销售-郑州,job,role-餐饮系统-大客户销售-郑州,1,2026-05,2026-05,"{""category"": ""product_operation"", ""sample_title"": ""餐饮系统-大客户销售-郑州""}"
role:role-餐饮系统-大客户销售-长沙,餐饮系统-大客户销售-长沙,job,role-餐饮系统-大客户销售-长沙,1,2026-05,2026-05,"{""category"": ""product_operation"", ""sample_title"": ""餐饮系统-大客户销售-长沙""}"
role:role-餐饮项目经理,餐饮项目经理,job,role-餐饮项目经理,1,2026-07,2026-07,"{""category"": ""product_operation"", ""sample_title"": ""餐饮项目经理""}"
role:role-饲料车间主管,饲料车间主管,job,role-饲料车间主管,1,2026-07,2026-07,"{""category"": ""testing_quality"", ""sample_title"": ""饲料车间主管""}"
role:role-验光师,验光师,job,role-验光师,1,2026-07,2026-07,"{""category"": ""design"", ""sample_title"": ""验光师""}"
role:role-高性能计算,高性能计算,job,role-高性能计算,1,2026-07,2026-07,"{""category"": ""ai_algorithm"", ""sample_title"": ""高性能计算专家（深圳/北京）""}"
role:role-高通量实验室项目经理,高通量实验室项目经理,job,role-高通量实验室项目经理,1,2026-07,2026-07,"{""category"": ""product_operation"", ""sample_title"": ""高通量实验室项目经理""}"
role:role-魔方工作室-视频生成基础模型训练工程师,魔方工作室-视频生成基础模型训练工程师,job,role-魔方工作室-视频生成基础模型训练工程师,1,2026-06,2026-06,"{""category"": ""ai_algorithm"", ""sample_title"": ""魔方工作室-视频生成基础模型训练工程师""}"
role:role-魔方投放策略-经理,魔方投放策略/经理,job,role-魔方投放策略-经理,1,2026-06,2026-06,"{""category"": ""ai_algorithm"", ""sample_title"": ""魔方资深投放策略/经理（信息流）""}"
skill:c,C++,skill,C++,51272,2025-01,2026-07,{}
skill:design,Design,skill,Design,4192,2024-08,2026-07,{}
skill:marketing,Marketing,skill,Marketing,3534,2024-12,2026-07,{}
skill:product,Product,skill,Product,3039,2024-08,2026-07,{}
skill:security,Security,skill,Security,1254,2024-08,2026-07,{}
skill:llm,LLM,skill,LLM,922,2025-03,2026-07,{}
skill:testing,Testing,skill,Testing,723,2025-03,2026-07,{}
skill:go,Go,skill,Go,617,2024-08,2026-07,{}
skill:unity,Unity,skill,Unity,516,2024-08,2026-07,{}
skill:python,Python,skill,Python,439,2025-05,2026-07,{}
skill:machine-learning,Machine Learning,skill,Machine Learning,331,2024-09,2026-07,{}
skill:sql,SQL,skill,SQL,290,2024-12,2026-07,{}
skill:java,Java,skill,Java,284,2024-09,2026-07,{}
skill:microservices,Microservices,skill,Microservices,268,2025-09,2026-07,{}
skill:ios,iOS,skill,iOS,256,2025-09,2026-07,{}
skill:rag,RAG,skill,RAG,237,2024-08,2026-07,{}
skill:big-data,Big Data,skill,Big Data,220,2024-09,2026-07,{}
skill:deep-learning,Deep Learning,skill,Deep Learning,214,2024-09,2026-07,{}
skill:excel,Excel,skill,Excel,202,2024-08,2026-07,{}
skill:linux,Linux,skill,Linux,161,2025-03,2026-07,{}
skill:prompt-engineering,Prompt Engineering,skill,Prompt Engineering,145,2025-09,2026-07,{}
skill:nlp,NLP,skill,NLP,108,2024-09,2026-07,{}
skill:docker,Docker,skill,Docker,96,2025-09,2026-07,{}
skill:kubernetes,Kubernetes,skill,Kubernetes,91,2025-09,2026-07,{}
skill:devops,DevOps,skill,DevOps,70,2025-09,2026-07,{}
skill:redis,Redis,skill,Redis,61,2025-03,2026-07,{}
skill:javascript,JavaScript,skill,JavaScript,55,2025-03,2026-07,{}
skill:android,Android,skill,Android,51,2026-04,2026-07,{}
skill:kafka,Kafka,skill,Kafka,42,2025-09,2026-07,{}
skill:react,React,skill,React,40,2025-11,2026-07,{}
skill:vector-search,Vector Search,skill,Vector Search,31,2025-12,2026-07,{}
skill:data-warehouse,Data Warehouse,skill,Data Warehouse,24,2025-09,2026-07,{}
skill:vue,Vue,skill,Vue,22,2025-09,2026-07,{}
